fecha,dia,Temp_entrada,Temp_ZA,Humedad_entrada,Humedad_ZA,meses,meses_nombre,dias_num,year,monitoring_interval,temp_avg,humi_avg
2017-05-11,Jueves,20,NA,53,NA,5,May,11,2017,interv0,20,53
2017-05-12,Viernes,20,NA,50,NA,5,May,12,2017,interv0,20,50
2017-05-15,Lunes,21,NA,49,NA,5,May,15,2017,interv0,21,49
2017-05-16,Martes,22,NA,41,NA,5,May,16,2017,interv0,22,41
2017-05-17,Miercoles,22,NA,50,NA,5,May,17,2017,interv0,22,50
2017-05-18,Jueves,22,NA,51,NA,5,May,18,2017,interv0,22,51
2017-05-19,Viernes,21,NA,49,NA,5,May,19,2017,interv0,21,49
2017-05-22,Lunes,20,NA,50,NA,5,May,22,2017,interv0,20,50
2017-05-23,Martes,20,NA,50,NA,5,May,23,2017,interv0,20,50
2017-05-24,Miercoles,21,NA,48,NA,5,May,24,2017,interv0,21,48
2017-05-25,Jueves,23,NA,53,NA,5,May,25,2017,interv0,23,53
2017-05-26,Viernes,20,NA,50,NA,5,May,26,2017,interv0,20,50
2017-05-29,Lunes,21,NA,49,NA,5,May,29,2017,interv0,21,49
2017-05-30,Martes,20,NA,51,NA,5,May,30,2017,interv0,20,51
2017-05-31,Miercoles,21,NA,48,NA,5,May,31,2017,interv0,21,48
2017-06-01,Jueves,22,NA,53,NA,6,Jun,1,2017,interv0,22,53
2017-06-02,Viernes,21,NA,51,NA,6,Jun,2,2017,interv0,21,51
2017-06-05,Lunes,21,NA,50,NA,6,Jun,5,2017,interv0,21,50
2017-06-06,Martes,22,NA,49,NA,6,Jun,6,2017,interv0,22,49
2017-06-07,Miercoles,21,NA,47,NA,6,Jun,7,2017,interv0,21,47
2017-06-08,Jueves,22,NA,50,NA,6,Jun,8,2017,interv0,22,50
2017-06-09,Viernes,22,NA,53,NA,6,Jun,9,2017,interv0,22,53
2017-06-12,Lunes,22,NA,48,NA,6,Jun,12,2017,interv0,22,48
2017-06-13,Martes,21,NA,49,NA,6,Jun,13,2017,interv0,21,49
2017-06-14,Miercoles,22,NA,53,NA,6,Jun,14,2017,interv0,22,53
2017-06-15,Jueves,24,NA,51,NA,6,Jun,15,2017,interv0,24,51
2017-06-16,Viernes,23,NA,53,NA,6,Jun,16,2017,interv0,23,53
2017-06-19,Lunes,22,NA,54,NA,6,Jun,19,2017,interv0,22,54
2017-06-20,Martes,21,NA,55,NA,6,Jun,20,2017,interv0,21,55
2017-06-21,Miercoles,23,NA,50,NA,6,Jun,21,2017,interv0,23,50
2017-06-22,Jueves,22,NA,52,NA,6,Jun,22,2017,interv0,22,52
2017-06-23,Viernes,21,NA,51,NA,6,Jun,23,2017,interv0,21,51
2017-06-26,Lunes,19,NA,50,NA,6,Jun,26,2017,interv0,19,50
2017-06-27,Martes,18,NA,53,NA,6,Jun,27,2017,interv0,18,53
2017-06-28,Miercoles,18,NA,53,NA,6,Jun,28,2017,interv0,18,53
2017-06-29,Jueves,19,NA,52,NA,6,Jun,29,2017,interv0,19,52
2017-06-30,Viernes,20,NA,56,NA,6,Jun,30,2017,interv0,20,56
2017-07-03,Lunes,21,NA,53,NA,7,Jul,3,2017,interv0,21,53
2017-07-04,Martes,21,NA,54,NA,7,Jul,4,2017,interv0,21,54
2017-07-05,Miercoles,22,NA,49,NA,7,Jul,5,2017,interv0,22,49
2017-07-06,Jueves,21,NA,48,NA,7,Jul,6,2017,interv0,21,48
2017-07-07,Viernes,22,NA,46,NA,7,Jul,7,2017,interv0,22,46
2017-07-10,Lunes,20,NA,53,NA,7,Jul,10,2017,interv0,20,53
2017-07-11,Martes,20,NA,51,NA,7,Jul,11,2017,interv0,20,51
2017-07-12,Miercoles,18,NA,50,NA,7,Jul,12,2017,interv0,18,50
2017-07-13,Jueves,18,NA,49,NA,7,Jul,13,2017,interv0,18,49
2017-07-14,Viernes,19,NA,49,NA,7,Jul,14,2017,interv0,19,49
2017-07-17,Lunes,17,NA,48,NA,7,Jul,17,2017,interv0,17,48
2017-07-18,Martes,18,NA,52,NA,7,Jul,18,2017,interv0,18,52
2017-07-19,Miercoles,18,NA,53,NA,7,Jul,19,2017,interv0,18,53
2017-07-20,Jueves,22,NA,55,NA,7,Jul,20,2017,interv0,22,55
2017-07-21,Viernes,21,NA,55,NA,7,Jul,21,2017,interv0,21,55
2017-07-24,Lunes,22,NA,56,NA,7,Jul,24,2017,interv0,22,56
2017-07-25,Martes,20,NA,54,NA,7,Jul,25,2017,interv0,20,54
2017-07-26,Miercoles,21,NA,48,NA,7,Jul,26,2017,interv0,21,48
2017-07-27,Jueves,18,NA,50,NA,7,Jul,27,2017,interv0,18,50
2017-07-28,Viernes,19,NA,49,NA,7,Jul,28,2017,interv0,19,49
2017-07-31,Lunes,19,NA,52,NA,7,Jul,31,2017,interv0,19,52
2017-08-01,Martes,18,NA,51,NA,8,Aug,1,2017,interv0,18,51
2017-08-02,Miercoles,19,NA,50,NA,8,Aug,2,2017,interv0,19,50
2017-08-03,Jueves,20,NA,48,NA,8,Aug,3,2017,interv0,20,48
2017-08-04,Viernes,20,NA,45,NA,8,Aug,4,2017,interv0,20,45
2017-08-07,Lunes,19,NA,45,NA,8,Aug,7,2017,interv0,19,45
2017-08-08,Martes,19,NA,46,NA,8,Aug,8,2017,interv0,19,46
2017-08-09,Miercoles,19,NA,46,NA,8,Aug,9,2017,interv0,19,46
2017-08-10,Jueves,19,NA,48,NA,8,Aug,10,2017,interv0,19,48
2017-08-11,Viernes,20,NA,50,NA,8,Aug,11,2017,interv0,20,50
2017-08-14,Lunes,22,NA,48,NA,8,Aug,14,2017,interv0,22,48
2017-08-15,Martes,21,NA,50,NA,8,Aug,15,2017,interv0,21,50
2017-08-16,Miercoles,19,NA,49,NA,8,Aug,16,2017,interv0,19,49
2017-08-17,Jueves,20,NA,52,NA,8,Aug,17,2017,interv0,20,52
2017-08-18,Viernes,22,NA,48,NA,8,Aug,18,2017,interv0,22,48
2017-08-21,Lunes,17,NA,42,NA,8,Aug,21,2017,interv0,17,42
2017-08-22,Martes,17,NA,45,NA,8,Aug,22,2017,interv0,17,45
2017-08-23,Miercoles,20,NA,46,NA,8,Aug,23,2017,interv0,20,46
2017-08-24,Jueves,22,NA,46,NA,8,Aug,24,2017,interv0,22,46
2017-08-25,Viernes,20,NA,37,NA,8,Aug,25,2017,interv0,20,37
2017-08-28,Lunes,21,NA,48,NA,8,Aug,28,2017,interv0,21,48
2017-08-29,Martes,20,NA,53,NA,8,Aug,29,2017,interv0,20,53
2017-08-30,Miercoles,22,NA,49,NA,8,Aug,30,2017,interv0,22,49
2017-08-31,Jueves,21,NA,50,NA,8,Aug,31,2017,interv0,21,50
2017-09-01,Viernes,20,NA,48,NA,9,Sep,1,2017,interv0,20,48
2017-09-04,Lunes,19,NA,50,NA,9,Sep,4,2017,interv0,19,50
2017-09-05,Martes,20,NA,51,NA,9,Sep,5,2017,interv0,20,51
2017-09-06,Miercoles,20,NA,48,NA,9,Sep,6,2017,interv0,20,48
2017-09-07,Jueves,21,NA,47,NA,9,Sep,7,2017,interv0,21,47
2017-09-08,Viernes,20,NA,51,NA,9,Sep,8,2017,interv0,20,51
2017-09-11,Lunes,21,NA,50,NA,9,Sep,11,2017,interv0,21,50
2017-09-12,Martes,22,NA,48,NA,9,Sep,12,2017,interv0,22,48
2017-09-13,Miercoles,20,NA,48,NA,9,Sep,13,2017,interv0,20,48
2017-09-14,Jueves,21,NA,53,NA,9,Sep,14,2017,interv0,21,53
2017-09-15,Viernes,20,NA,49,NA,9,Sep,15,2017,interv0,20,49
2017-09-18,Lunes,19,NA,50,NA,9,Sep,18,2017,interv0,19,50
2017-09-19,Martes,20,NA,51,NA,9,Sep,19,2017,interv0,20,51
2017-09-20,Miercoles,22,NA,48,NA,9,Sep,20,2017,interv0,22,48
2017-09-21,Jueves,22,NA,53,NA,9,Sep,21,2017,interv0,22,53
2017-09-22,Viernes,20,NA,51,NA,9,Sep,22,2017,interv0,20,51
2017-09-25,Lunes,20,NA,52,NA,9,Sep,25,2017,interv0,20,52
2017-09-26,Martes,21,NA,48,NA,9,Sep,26,2017,interv0,21,48
2017-09-27,Miercoles,19,NA,61,NA,9,Sep,27,2017,interv0,19,61
2017-09-28,Jueves,20,NA,54,NA,9,Sep,28,2017,interv0,20,54
2017-09-29,Viernes,16,NA,41,NA,9,Sep,29,2017,interv0,16,41
2017-10-02,Lunes,20,NA,49,NA,10,Oct,2,2017,interv0,20,49
2017-10-03,Martes,21,NA,53,NA,10,Oct,3,2017,interv0,21,53
2017-10-04,Miercoles,21,NA,53,NA,10,Oct,4,2017,interv0,21,53
2017-10-05,Jueves,20,NA,50,NA,10,Oct,5,2017,interv0,20,50
2017-10-06,Viernes,19,NA,48,NA,10,Oct,6,2017,interv0,19,48
2017-10-09,Lunes,21,NA,53,NA,10,Oct,9,2017,interv0,21,53
2017-10-10,Martes,22,NA,51,NA,10,Oct,10,2017,interv0,22,51
2017-10-11,Miercoles,21,NA,48,NA,10,Oct,11,2017,interv0,21,48
2017-10-12,Jueves,20,NA,53,NA,10,Oct,12,2017,interv0,20,53
2017-10-13,Viernes,20,NA,48,NA,10,Oct,13,2017,interv0,20,48
2017-10-16,Lunes,20,NA,37,NA,10,Oct,16,2017,interv0,20,37
2017-10-17,Martes,20,NA,48,NA,10,Oct,17,2017,interv0,20,48
2017-10-18,Miercoles,21,NA,45,NA,10,Oct,18,2017,interv0,21,45
2017-10-19,Jueves,22,NA,45,NA,10,Oct,19,2017,interv0,22,45
2017-10-20,Viernes,20,NA,49,NA,10,Oct,20,2017,interv0,20,49
2017-10-23,Lunes,20,NA,38,NA,10,Oct,23,2017,interv0,20,38
2017-10-24,Martes,22,NA,49,NA,10,Oct,24,2017,interv0,22,49
2017-10-25,Miercoles,20,NA,53,NA,10,Oct,25,2017,interv0,20,53
2017-10-26,Jueves,22,NA,48,NA,10,Oct,26,2017,interv0,22,48
2017-10-27,Viernes,21,NA,38,NA,10,Oct,27,2017,interv0,21,38
2017-10-30,Lunes,20,NA,45,NA,10,Oct,30,2017,interv0,20,45
2017-10-31,Martes,21,NA,43,NA,10,Oct,31,2017,interv0,21,43
2017-11-01,Miercoles,19,NA,45,NA,11,Nov,1,2017,interv0,19,45
2017-11-02,Jueves,20,NA,46,NA,11,Nov,2,2017,interv0,20,46
2017-11-03,Viernes,21,NA,52,NA,11,Nov,3,2017,interv0,21,52
2017-11-06,Lunes,22,NA,50,NA,11,Nov,6,2017,interv0,22,50
2017-11-07,Martes,16,NA,40,NA,11,Nov,7,2017,interv0,16,40
2017-11-08,Miercoles,19,NA,48,NA,11,Nov,8,2017,interv0,19,48
2017-11-09,Jueves,18,NA,47,NA,11,Nov,9,2017,interv0,18,47
2017-11-10,Viernes,16,NA,44,NA,11,Nov,10,2017,interv0,16,44
2017-11-13,Lunes,21,NA,49,NA,11,Nov,13,2017,interv0,21,49
2017-11-14,Martes,21,NA,48,NA,11,Nov,14,2017,interv0,21,48
2017-11-15,Miercoles,22,NA,48,NA,11,Nov,15,2017,interv0,22,48
2017-11-16,Jueves,19,NA,47,NA,11,Nov,16,2017,interv0,19,47
2017-11-17,Viernes,21,NA,45,NA,11,Nov,17,2017,interv0,21,45
2017-11-20,Lunes,21,NA,56,NA,11,Nov,20,2017,interv0,21,56
2017-11-21,Martes,21,NA,46,NA,11,Nov,21,2017,interv0,21,46
2017-11-22,Miercoles,23,NA,50,NA,11,Nov,22,2017,interv0,23,50
2017-11-23,Jueves,19,NA,36,NA,11,Nov,23,2017,interv0,19,36
2017-11-24,Viernes,NA,NA,NA,NA,11,Nov,24,2017,interv0,NA,NA
2017-11-27,Lunes,22,NA,42,NA,11,Nov,27,2017,interv0,22,42
2017-11-28,Martes,23,NA,36,NA,11,Nov,28,2017,interv0,23,36
2017-11-29,Miercoles,20,NA,34,NA,11,Nov,29,2017,interv0,20,34
2017-11-30,Jueves,20,NA,36,NA,11,Nov,30,2017,interv0,20,36
2017-12-01,Viernes,20,NA,38,NA,12,Dec,1,2017,interv0,20,38
2017-12-04,Lunes,21,NA,36,NA,12,Dec,4,2017,interv0,21,36
2017-12-05,Martes,22,NA,49,NA,12,Dec,5,2017,interv0,22,49
2017-12-06,Miercoles,23,NA,47,NA,12,Dec,6,2017,interv0,23,47
2017-12-07,Jueves,20,NA,48,NA,12,Dec,7,2017,interv0,20,48
2017-12-08,Viernes,22,NA,47,NA,12,Dec,8,2017,interv0,22,47
2017-12-11,Lunes,21,NA,50,NA,12,Dec,11,2017,interv0,21,50
2017-12-12,Martes,20,NA,49,NA,12,Dec,12,2017,interv1,20,49
2017-12-13,Miercoles,19,NA,48,NA,12,Dec,13,2017,interv1,19,48
2017-12-14,Jueves,22,NA,42,NA,12,Dec,14,2017,interv1,22,42
2017-12-15,Viernes,20,NA,43,NA,12,Dec,15,2017,interv1,20,43
2017-12-18,Lunes,22,NA,47,NA,12,Dec,18,2017,interv1,22,47
2017-12-19,Martes,23,NA,50,NA,12,Dec,19,2017,interv1,23,50
2017-12-20,Miercoles,21,NA,48,NA,12,Dec,20,2017,interv1,21,48
2017-12-21,Jueves,22,NA,43,NA,12,Dec,21,2017,interv1,22,43
2017-12-22,Viernes,20,NA,42,NA,12,Dec,22,2017,interv1,20,42
2017-12-25,Lunes,20,NA,42,NA,12,Dec,25,2017,interv1,20,42
2017-12-26,Martes,19,NA,43,NA,12,Dec,26,2017,interv1,19,43
2017-12-27,Miercoles,21,NA,42,NA,12,Dec,27,2017,interv1,21,42
2017-12-28,Jueves,20,NA,37,NA,12,Dec,28,2017,interv1,20,37
2017-12-29,Viernes,21,NA,38,NA,12,Dec,29,2017,interv1,21,38
2018-01-02,Lunes,18,NA,35,NA,1,Jan,2,2018,interv1,18,35
2018-01-02,Martes,19,NA,47,NA,1,Jan,2,2018,interv1,19,47
2018-01-03,Miercoles,20,NA,41,NA,1,Jan,3,2018,interv1,20,41
2018-01-04,Jueves,20,NA,36,NA,1,Jan,4,2018,interv1,20,36
2018-01-05,Viernes,19,NA,35,NA,1,Jan,5,2018,interv1,19,35
2018-01-08,Lunes,18,NA,36,NA,1,Jan,8,2018,interv1,18,36
2018-01-09,Martes,20,NA,34,NA,1,Jan,9,2018,interv1,20,34
2018-01-10,Miercoles,21,NA,28,NA,1,Jan,10,2018,interv1,21,28
2018-01-11,Jueves,22,NA,36,NA,1,Jan,11,2018,interv1,22,36
2018-01-12,Viernes,23,NA,35,NA,1,Jan,12,2018,interv1,23,35
2018-01-15,Lunes,23,NA,35,NA,1,Jan,15,2018,interv1,23,35
2018-01-16,Martes,25,NA,34,NA,1,Jan,16,2018,interv1,25,34
2018-01-17,Miercoles,18,NA,31,NA,1,Jan,17,2018,interv1,18,31
2018-01-18,Jueves,24,NA,33,NA,1,Jan,18,2018,interv1,24,33
2018-01-19,Viernes,24,NA,34,NA,1,Jan,19,2018,interv1,24,34
2018-01-22,Lunes,23,NA,34,NA,1,Jan,22,2018,interv1,23,34
2018-01-23,Martes,24,NA,36,NA,1,Jan,23,2018,interv1,24,36
2018-01-24,Miercoles,23,NA,36,NA,1,Jan,24,2018,interv1,23,36
2018-01-25,Jueves,23,NA,36,NA,1,Jan,25,2018,interv1,23,36
2018-01-26,Viernes,22,NA,36,NA,1,Jan,26,2018,interv1,22,36
2018-01-29,Lunes,23,NA,38,NA,1,Jan,29,2018,interv1,23,38
2018-01-30,Martes,22,NA,38,NA,1,Jan,30,2018,interv1,22,38
2018-01-31,Miercoles,24,NA,39,NA,1,Jan,31,2018,interv1,24,39
2018-02-01,Jueves,21,NA,38,NA,2,Feb,1,2018,interv1,21,38
2018-02-02,Viernes,24,NA,39,NA,2,Feb,2,2018,interv1,24,39
2018-02-05,Lunes,21,NA,38,NA,2,Feb,5,2018,interv1,21,38
2018-02-06,Martes,22,NA,37,NA,2,Feb,6,2018,interv1,22,37
2018-02-07,Miercoles,21,NA,38,NA,2,Feb,7,2018,interv1,21,38
2018-02-08,Jueves,22,NA,34,NA,2,Feb,8,2018,interv1,22,34
2018-02-09,Viernes,21,NA,36,NA,2,Feb,9,2018,interv1,21,36
2018-02-12,Lunes,21,NA,38,NA,2,Feb,12,2018,interv1,21,38
2018-02-13,Martes,NA,NA,NA,NA,2,Feb,13,2018,interv1,NA,NA
2018-02-14,Miercoles,21,NA,48,NA,2,Feb,14,2018,interv1,21,48
2018-02-15,Jueves,22,NA,35,NA,2,Feb,15,2018,interv1,22,35
2018-02-16,Viernes,21,NA,48,NA,2,Feb,16,2018,interv1,21,48
2018-02-19,Lunes,20,NA,47,NA,2,Feb,19,2018,interv1,20,47
2018-02-20,Martes,20,NA,36,NA,2,Feb,20,2018,interv1,20,36
2018-02-21,Miercoles,22,NA,37,NA,2,Feb,21,2018,interv1,22,37
2018-02-22,Jueves,22,NA,47,NA,2,Feb,22,2018,interv1,22,47
2018-02-23,Viernes,23,NA,47,NA,2,Feb,23,2018,interv1,23,47
2018-02-26,Lunes,24,NA,51,NA,2,Feb,26,2018,interv1,24,51
2018-02-27,Martes,22,NA,42,NA,2,Feb,27,2018,interv1,22,42
2018-02-28,Miercoles,24,NA,42,NA,2,Feb,28,2018,interv1,24,42
2018-03-01,Jueves,21,NA,39,NA,3,Mar,1,2018,interv1,21,39
2018-03-02,Viernes,22,NA,37,NA,3,Mar,2,2018,interv1,22,37
2018-03-05,Lunes,21,NA,39,NA,3,Mar,5,2018,interv1,21,39
2018-03-06,Martes,22,NA,41,NA,3,Mar,6,2018,interv1,22,41
2018-03-07,Miercoles,22,NA,48,NA,3,Mar,7,2018,interv1,22,48
2018-03-08,Jueves,21,NA,35,NA,3,Mar,8,2018,interv1,21,35
2018-03-09,Viernes,21,NA,40,NA,3,Mar,9,2018,interv1,21,40
2018-03-12,Lunes,21,NA,43,NA,3,Mar,12,2018,interv1,21,43
2018-03-13,Martes,24,NA,44,NA,3,Mar,13,2018,interv1,24,44
2018-03-14,Miercoles,22,NA,36,NA,3,Mar,14,2018,interv1,22,36
2018-03-15,Jueves,23,NA,40,NA,3,Mar,15,2018,interv1,23,40
2018-03-16,Viernes,21,NA,38,NA,3,Mar,16,2018,interv1,21,38
2018-03-19,Lunes,22,NA,38,NA,3,Mar,19,2018,interv1,22,38
2018-03-20,Martes,22,NA,35,NA,3,Mar,20,2018,interv1,22,35
2018-03-21,Miercoles,21,NA,35,NA,3,Mar,21,2018,interv1,21,35
2018-03-22,Jueves,24,NA,43,NA,3,Mar,22,2018,interv1,24,43
2018-03-23,Viernes,22,NA,38,NA,3,Mar,23,2018,interv1,22,38
2018-03-26,Lunes,22,NA,36,NA,3,Mar,26,2018,interv1,22,36
2018-03-27,Martes,21,NA,34,NA,3,Mar,27,2018,interv1,21,34
2018-03-28,Miercoles,22,NA,38,NA,3,Mar,28,2018,interv1,22,38
2018-03-29,Jueves,21,NA,37,NA,3,Mar,29,2018,interv1,21,37
2018-03-30,Viernes,23,NA,36,NA,3,Mar,30,2018,interv1,23,36
2018-04-02,Lunes,22,NA,34,NA,4,Apr,2,2018,interv1,22,34
2018-04-03,Martes,21,NA,38,NA,4,Apr,3,2018,interv1,21,38
2018-04-04,Miercoles,21,NA,38,NA,4,Apr,4,2018,interv1,21,38
2018-04-05,Jueves,19,NA,39,NA,4,Apr,5,2018,interv1,19,39
2018-04-06,Viernes,20,NA,36,NA,4,Apr,6,2018,interv1,20,36
2018-04-09,Lunes,21,NA,36,NA,4,Apr,9,2018,interv1,21,36
2018-04-10,Martes,23,NA,35,NA,4,Apr,10,2018,interv1,23,35
2018-04-11,Miercoles,22,NA,39,NA,4,Apr,11,2018,interv1,22,39
2018-04-12,Jueves,21,NA,38,NA,4,Apr,12,2018,interv1,21,38
2018-04-13,Viernes,22,NA,38,NA,4,Apr,13,2018,interv1,22,38
2018-04-16,Lunes,22,NA,39,NA,4,Apr,16,2018,interv1,22,39
2018-04-17,Martes,21,NA,40,NA,4,Apr,17,2018,interv1,21,40
2018-04-18,Miercoles,20,NA,34,NA,4,Apr,18,2018,interv1,20,34
2018-04-19,Jueves,19,NA,38,NA,4,Apr,19,2018,interv1,19,38
2018-04-20,Viernes,21,NA,39,NA,4,Apr,20,2018,interv1,21,39
2018-04-23,Lunes,22,NA,36,NA,4,Apr,23,2018,interv1,22,36
2018-04-24,Martes,21,NA,38,NA,4,Apr,24,2018,interv1,21,38
2018-04-25,Miercoles,19,NA,34,NA,4,Apr,25,2018,interv1,19,34
2018-04-26,Jueves,20,NA,39,NA,4,Apr,26,2018,interv1,20,39
2018-04-27,Viernes,20,NA,39,NA,4,Apr,27,2018,interv1,20,39
2018-04-30,Lunes,21,NA,42,NA,4,Apr,30,2018,interv1,21,42
2018-05-01,Martes,22,NA,43,NA,5,May,1,2018,interv1,22,43
2018-05-02,Miercoles,23,NA,38,NA,5,May,2,2018,interv1,23,38
2018-05-03,Jueves,23,NA,38,NA,5,May,3,2018,interv1,23,38
2018-05-04,Viernes,21,NA,39,NA,5,May,4,2018,interv1,21,39
2018-05-07,Lunes,20,NA,41,NA,5,May,7,2018,interv1,20,41
2018-05-08,Martes,19,NA,41,NA,5,May,8,2018,interv1,19,41
2018-05-09,Miercoles,21,NA,40,NA,5,May,9,2018,interv1,21,40
2018-05-10,Jueves,20,NA,39,NA,5,May,10,2018,interv1,20,39
2018-05-11,Viernes,19,NA,39,NA,5,May,11,2018,interv1,19,39
2018-05-14,Lunes,18,NA,38,NA,5,May,14,2018,interv1,18,38
2018-05-15,Martes,18,NA,36,NA,5,May,15,2018,interv1,18,36
2018-05-16,Miercoles,17,NA,34,NA,5,May,16,2018,interv1,17,34
2018-05-17,Jueves,20,NA,34,NA,5,May,17,2018,interv1,20,34
2018-05-18,Viernes,22,NA,36,NA,5,May,18,2018,interv1,22,36
2018-05-21,Lunes,19,NA,37,NA,5,May,21,2018,interv1,19,37
2018-05-22,Martes,22,NA,38,NA,5,May,22,2018,interv1,22,38
2018-05-23,Miercoles,19,NA,35,NA,5,May,23,2018,interv1,19,35
2018-05-24,Jueves,19,NA,40,NA,5,May,24,2018,interv1,19,40
2018-05-25,Viernes,NA,NA,NA,NA,5,May,25,2018,interv1,NA,NA
2018-05-28,Lunes,20,NA,45,NA,5,May,28,2018,interv1,20,45
2018-05-29,Martes,20,NA,48,NA,5,May,29,2018,interv1,20,48
2018-05-30,Miercoles,20,NA,52,NA,5,May,30,2018,interv1,20,52
2018-05-31,Jueves,20,NA,51,NA,5,May,31,2018,interv1,20,51
2018-06-01,Viernes,20,NA,47,NA,6,Jun,1,2018,interv1,20,47
2018-06-04,Lunes,21,NA,43,NA,6,Jun,4,2018,interv1,21,43
2018-06-05,Martes,21,NA,48,NA,6,Jun,5,2018,interv1,21,48
2018-06-06,Miercoles,20,NA,47,NA,6,Jun,6,2018,interv1,20,47
2018-06-07,Jueves,19,NA,37,NA,6,Jun,7,2018,interv1,19,37
2018-06-08,Viernes,20,NA,45,NA,6,Jun,8,2018,interv1,20,45
2018-06-11,Lunes,21,NA,46,NA,6,Jun,11,2018,interv1,21,46
2018-06-12,Martes,22,NA,45,NA,6,Jun,12,2018,interv1,22,45
2018-06-13,Miercoles,21,NA,48,NA,6,Jun,13,2018,interv1,21,48
2018-06-14,Jueves,20,NA,43,NA,6,Jun,14,2018,interv1,20,43
2018-06-15,Viernes,21,NA,41,NA,6,Jun,15,2018,interv1,21,41
2018-06-18,Lunes,21,NA,57,NA,6,Jun,18,2018,interv1,21,57
2018-06-19,Martes,21,NA,49,NA,6,Jun,19,2018,interv1,21,49
2018-06-20,Miercoles,20,NA,50,NA,6,Jun,20,2018,interv1,20,50
2018-06-21,Jueves,21,NA,45,NA,6,Jun,21,2018,interv1,21,45
2018-06-22,Viernes,23,NA,49,NA,6,Jun,22,2018,interv1,23,49
2018-06-25,Lunes,20,NA,51,NA,6,Jun,25,2018,interv1,20,51
2018-06-26,Martes,21,NA,50,NA,6,Jun,26,2018,interv1,21,50
2018-06-27,Miercoles,21,NA,50,NA,6,Jun,27,2018,interv1,21,50
2018-06-28,Jueves,20,NA,47,NA,6,Jun,28,2018,interv1,20,47
2018-06-29,Viernes,23,NA,48,NA,6,Jun,29,2018,interv1,23,48
2018-07-02,Lunes,23,NA,48,NA,7,Jul,2,2018,interv1,23,48
2018-07-03,Martes,22,NA,50,NA,7,Jul,3,2018,interv1,22,50
2018-07-04,Miercoles,23,NA,38,NA,7,Jul,4,2018,interv1,23,38
2018-07-05,Jueves,20,NA,39,NA,7,Jul,5,2018,interv1,20,39
2018-07-06,Viernes,21,NA,48,NA,7,Jul,6,2018,interv1,21,48
2018-07-09,Lunes,21,NA,47,NA,7,Jul,9,2018,interv1,21,47
2018-07-10,Martes,20,NA,50,NA,7,Jul,10,2018,interv1,20,50
2018-07-11,Miercoles,22,NA,49,NA,7,Jul,11,2018,interv1,22,49
2018-07-12,Jueves,23,NA,50,NA,7,Jul,12,2018,interv2,23,50
2018-07-13,Viernes,20,NA,51,NA,7,Jul,13,2018,interv2,20,51
2018-07-16,Lunes,21,NA,48,NA,7,Jul,16,2018,interv2,21,48
2018-07-17,Martes,21,NA,51,NA,7,Jul,17,2018,interv2,21,51
2018-07-18,Miercoles,22,NA,53,NA,7,Jul,18,2018,interv2,22,53
2018-07-19,Jueves,21,NA,49,NA,7,Jul,19,2018,interv2,21,49
2018-07-20,Viernes,20,NA,40,NA,7,Jul,20,2018,interv2,20,40
2018-07-23,Lunes,21,NA,52,NA,7,Jul,23,2018,interv2,21,52
2018-07-24,Martes,21,NA,40,NA,7,Jul,24,2018,interv2,21,40
2018-07-25,Miercoles,21,NA,36,NA,7,Jul,25,2018,interv2,21,36
2018-07-26,Jueves,20,NA,38,NA,7,Jul,26,2018,interv2,20,38
2018-07-27,Viernes,20,NA,39,NA,7,Jul,27,2018,interv2,20,39
2018-07-30,Lunes,18,NA,38,NA,7,Jul,30,2018,interv2,18,38
2018-07-31,Martes,17,NA,37,NA,7,Jul,31,2018,interv2,17,37
2018-08-01,Miercoles,17,NA,39,NA,8,Aug,1,2018,interv2,17,39
2018-08-02,Jueves,17,NA,37,NA,8,Aug,2,2018,interv2,17,37
2018-08-03,Viernes,17,NA,41,NA,8,Aug,3,2018,interv2,17,41
2018-08-06,Lunes,17,NA,40,NA,8,Aug,6,2018,interv2,17,40
2018-08-07,Martes,20,NA,37,NA,8,Aug,7,2018,interv2,20,37
2018-08-08,Miercoles,21,NA,38,NA,8,Aug,8,2018,interv2,21,38
2018-08-09,Jueves,22,NA,41,NA,8,Aug,9,2018,interv2,22,41
2018-08-10,Viernes,22,NA,40,NA,8,Aug,10,2018,interv2,22,40
2018-08-13,Lunes,24,NA,42,NA,8,Aug,13,2018,interv2,24,42
2018-08-14,Martes,23,NA,38,NA,8,Aug,14,2018,interv2,23,38
2018-08-15,Miercoles,22,NA,42,NA,8,Aug,15,2018,interv2,22,42
2018-08-16,Jueves,22,NA,41,NA,8,Aug,16,2018,interv2,22,41
2018-08-17,Viernes,20,NA,37,NA,8,Aug,17,2018,interv2,20,37
2018-08-20,Lunes,22,NA,38,NA,8,Aug,20,2018,interv2,22,38
2018-08-21,Martes,21,NA,37,NA,8,Aug,21,2018,interv2,21,37
2018-08-22,Miercoles,22,NA,38,NA,8,Aug,22,2018,interv2,22,38
2018-08-23,Jueves,21,NA,37,NA,8,Aug,23,2018,interv2,21,37
2018-08-24,Viernes,19,NA,37,NA,8,Aug,24,2018,interv2,19,37
2018-08-27,Lunes,20,NA,38,NA,8,Aug,27,2018,interv2,20,38
2018-08-28,Martes,20,NA,38,NA,8,Aug,28,2018,interv2,20,38
2018-08-29,Miercoles,19,NA,37,NA,8,Aug,29,2018,interv2,19,37
2018-08-30,Jueves,20,NA,37,NA,8,Aug,30,2018,interv2,20,37
2018-08-31,Viernes,21,NA,43,NA,8,Aug,31,2018,interv2,21,43
2018-09-03,Lunes,20,NA,38,NA,9,Sep,3,2018,interv2,20,38
2018-09-04,Martes,20,NA,35,NA,9,Sep,4,2018,interv2,20,35
2018-09-05,Miercoles,20,NA,36,NA,9,Sep,5,2018,interv2,20,36
2018-09-06,Jueves,20,NA,36,NA,9,Sep,6,2018,interv2,20,36
2018-09-07,Viernes,23,NA,39,NA,9,Sep,7,2018,interv2,23,39
2018-09-10,Lunes,20,NA,36,NA,9,Sep,10,2018,interv2,20,36
2018-09-11,Martes,21,NA,39,NA,9,Sep,11,2018,interv2,21,39
2018-09-12,Miercoles,19,NA,40,NA,9,Sep,12,2018,interv2,19,40
2018-09-13,Jueves,21,NA,38,NA,9,Sep,13,2018,interv2,21,38
2018-09-14,Viernes,23,NA,37,NA,9,Sep,14,2018,interv2,23,37
2018-09-17,Lunes,22,NA,35,NA,9,Sep,17,2018,interv2,22,35
2018-09-18,Martes,22,NA,39,NA,9,Sep,18,2018,interv2,22,39
2018-09-19,Miercoles,20,NA,39,NA,9,Sep,19,2018,interv2,20,39
2018-09-20,Jueves,21,NA,40,NA,9,Sep,20,2018,interv2,21,40
2018-09-21,Viernes,20,NA,39,NA,9,Sep,21,2018,interv2,20,39
2018-09-24,Lunes,21,NA,39,NA,9,Sep,24,2018,interv2,21,39
2018-09-25,Martes,20,NA,40,NA,9,Sep,25,2018,interv2,20,40
2018-09-26,Miercoles,19,NA,39,NA,9,Sep,26,2018,interv2,19,39
2018-09-27,Jueves,22,NA,38,NA,9,Sep,27,2018,interv2,22,38
2018-09-28,Viernes,21,NA,36,NA,9,Sep,28,2018,interv2,21,36
2018-10-01,Lunes,21,NA,38,NA,10,Oct,1,2018,interv2,21,38
2018-10-02,Martes,22,NA,39,NA,10,Oct,2,2018,interv2,22,39
2018-10-03,Miercoles,21,NA,38,NA,10,Oct,3,2018,interv2,21,38
2018-10-04,Jueves,20,NA,38,NA,10,Oct,4,2018,interv2,20,38
2018-10-05,Viernes,20,NA,36,NA,10,Oct,5,2018,interv2,20,36
2018-10-08,Lunes,21,NA,38,NA,10,Oct,8,2018,interv2,21,38
2018-10-09,Martes,19,NA,39,NA,10,Oct,9,2018,interv2,19,39
2018-10-10,Miercoles,20,NA,38,NA,10,Oct,10,2018,interv2,20,38
2018-10-11,Jueves,21,NA,36,NA,10,Oct,11,2018,interv2,21,36
2018-10-12,Viernes,21,NA,39,NA,10,Oct,12,2018,interv2,21,39
2018-10-15,Lunes,21,NA,36,NA,10,Oct,15,2018,interv2,21,36
2018-10-16,Martes,20,NA,39,NA,10,Oct,16,2018,interv2,20,39
2018-10-17,Miercoles,20,NA,36,NA,10,Oct,17,2018,interv2,20,36
2018-10-18,Jueves,21,NA,39,NA,10,Oct,18,2018,interv2,21,39
2018-10-19,Viernes,22,NA,38,NA,10,Oct,19,2018,interv2,22,38
2018-10-22,Lunes,21,NA,39,NA,10,Oct,22,2018,interv2,21,39
2018-10-23,Martes,20,NA,39,NA,10,Oct,23,2018,interv2,20,39
2018-10-24,Miercoles,20,NA,39,NA,10,Oct,24,2018,interv2,20,39
2018-10-25,Jueves,21,NA,36,NA,10,Oct,25,2018,interv2,21,36
2018-10-26,Viernes,22,NA,38,NA,10,Oct,26,2018,interv2,22,38
2018-10-29,Lunes,20,NA,40,NA,10,Oct,29,2018,interv2,20,40
2018-10-30,Martes,21,NA,39,NA,10,Oct,30,2018,interv2,21,39
2018-10-31,Miercoles,21,NA,38,NA,10,Oct,31,2018,interv2,21,38
2018-11-01,Jueves,21,NA,39,NA,11,Nov,1,2018,interv2,21,39
2018-11-02,Viernes,22,NA,38,NA,11,Nov,2,2018,interv2,22,38
2018-11-05,Lunes,22,NA,40,NA,11,Nov,5,2018,interv2,22,40
2018-11-06,Martes,22,NA,38,NA,11,Nov,6,2018,interv2,22,38
2018-11-07,Miercoles,22,NA,37,NA,11,Nov,7,2018,interv2,22,37
2018-11-08,Jueves,21,NA,40,NA,11,Nov,8,2018,interv2,21,40
2018-11-09,Viernes,22,NA,38,NA,11,Nov,9,2018,interv2,22,38
2018-11-12,Lunes,22,NA,35,NA,11,Nov,12,2018,interv2,22,35
2018-11-13,Martes,22,NA,33,NA,11,Nov,13,2018,interv2,22,33
2018-11-14,Miercoles,22,NA,32,NA,11,Nov,14,2018,interv2,22,32
2018-11-15,Jueves,22,NA,33,NA,11,Nov,15,2018,interv2,22,33
2018-11-16,Viernes,22,NA,32,NA,11,Nov,16,2018,interv2,22,32
2018-11-19,Lunes,22,NA,32,NA,11,Nov,19,2018,interv2,22,32
2018-11-20,Martes,22,NA,32,NA,11,Nov,20,2018,interv2,22,32
2018-11-21,Miercoles,22,NA,32,NA,11,Nov,21,2018,interv2,22,32
2018-11-22,Jueves,23,NA,32,NA,11,Nov,22,2018,interv2,23,32
2018-11-23,Viernes,23,NA,32,NA,11,Nov,23,2018,interv2,23,32
2018-11-26,Lunes,23,NA,32,NA,11,Nov,26,2018,interv2,23,32
2018-11-27,Martes,22,NA,32,NA,11,Nov,27,2018,interv2,22,32
2018-11-28,Miercoles,21,NA,33,NA,11,Nov,28,2018,interv2,21,33
2018-11-29,Jueves,22,NA,30,NA,11,Nov,29,2018,interv2,22,30
2018-11-30,Viernes,21,NA,36,NA,11,Nov,30,2018,interv2,21,36
2018-12-03,Lunes,22,NA,32,NA,12,Dec,3,2018,interv2,22,32
2018-12-04,Martes,21,NA,32,NA,12,Dec,4,2018,interv2,21,32
2018-12-05,Miercoles,21,NA,33,NA,12,Dec,5,2018,interv2,21,33
2018-12-06,Jueves,20,NA,31,NA,12,Dec,6,2018,interv2,20,31
2018-12-07,Viernes,20,NA,33,NA,12,Dec,7,2018,interv2,20,33
2018-12-10,Lunes,21,NA,34,NA,12,Dec,10,2018,interv2,21,34
2018-12-11,Martes,22,NA,33,NA,12,Dec,11,2018,interv2,22,33
2018-12-12,Miercoles,22,NA,36,NA,12,Dec,12,2018,interv2,22,36
2018-12-13,Jueves,21,NA,38,NA,12,Dec,13,2018,interv2,21,38
2018-12-14,Viernes,23,NA,33,NA,12,Dec,14,2018,interv2,23,33
2018-12-17,Lunes,21,NA,36,NA,12,Dec,17,2018,interv2,21,36
2018-12-18,Martes,23,NA,33,NA,12,Dec,18,2018,interv2,23,33
2018-12-19,Miercoles,23,NA,32,NA,12,Dec,19,2018,interv2,23,32
2018-12-20,Jueves,24,NA,32,NA,12,Dec,20,2018,interv2,24,32
2018-12-21,Viernes,23,NA,32,NA,12,Dec,21,2018,interv2,23,32
2018-12-23,Domingo,23,NA,32,NA,12,Dec,23,2018,interv2,23,32
2018-12-25,Martes,24,NA,32,NA,12,Dec,25,2018,interv2,24,32
2018-12-27,Jueves,24,NA,32,NA,12,Dec,27,2018,interv2,24,32
2018-12-29,Sábado,24,NA,31,NA,12,Dec,29,2018,interv2,24,31
2018-12-31,Lunes,25,NA,31,NA,12,Dec,31,2018,interv2,25,31
2019-01-02,Miercoles,24,NA,31,NA,1,Jan,2,2019,interv2,24,31
2019-01-03,Jueves,24,NA,31,NA,1,Jan,3,2019,interv2,24,31
2019-01-04,Viernes,23,NA,31,NA,1,Jan,4,2019,interv2,23,31
2019-01-07,Lunes,23,NA,32,NA,1,Jan,7,2019,interv2,23,32
2019-01-08,Martes,25,NA,31,NA,1,Jan,8,2019,interv2,25,31
2019-01-09,Miercoles,25,NA,31,NA,1,Jan,9,2019,interv2,25,31
2019-01-10,Jueves,23,NA,32,NA,1,Jan,10,2019,interv2,23,32
2019-01-11,Viernes,21,NA,38,NA,1,Jan,11,2019,interv2,21,38
2019-01-14,Lunes,23,NA,31,NA,1,Jan,14,2019,interv2,23,31
2019-01-15,Martes,24,NA,32,NA,1,Jan,15,2019,interv2,24,32
2019-01-16,Miercoles,24,NA,31,NA,1,Jan,16,2019,interv2,24,31
2019-01-17,Jueves,23,NA,38,NA,1,Jan,17,2019,interv2,23,38
2019-01-18,Viernes,23,NA,36,NA,1,Jan,18,2019,interv2,23,36
2019-01-21,Lunes,23,NA,36,NA,1,Jan,21,2019,interv2,23,36
2019-01-22,Martes,22,NA,38,NA,1,Jan,22,2019,interv2,22,38
2019-01-23,Miercoles,24,NA,31,NA,1,Jan,23,2019,interv2,24,31
2019-01-24,Jueves,NA,NA,NA,NA,1,Jan,24,2019,interv2,NA,NA
2019-01-25,Viernes,21,NA,38,NA,1,Jan,25,2019,interv2,21,38
2019-01-28,Lunes,21,NA,34,NA,1,Jan,28,2019,interv2,21,34
2019-01-29,Martes,22,NA,34,NA,1,Jan,29,2019,interv2,22,34
2019-01-30,Miercoles,22,NA,33,NA,1,Jan,30,2019,interv2,22,33
2019-01-31,Jueves,22,NA,33,NA,1,Jan,31,2019,interv2,22,33
2019-02-01,Viernes,22,NA,33,NA,2,Feb,1,2019,interv2,22,33
2019-02-04,Lunes,21,NA,34,NA,2,Feb,4,2019,interv2,21,34
2019-02-05,Martes,23,NA,32,NA,2,Feb,5,2019,interv2,23,32
2019-02-06,Miercoles,21,NA,33,NA,2,Feb,6,2019,interv2,21,33
2019-02-07,Jueves,21,NA,35,NA,2,Feb,7,2019,interv2,21,35
2019-02-08,Viernes,21,NA,36,NA,2,Feb,8,2019,interv2,21,36
2019-02-11,Lunes,22,NA,32,NA,2,Feb,11,2019,interv2,22,32
2019-02-12,Martes,21,NA,38,NA,2,Feb,12,2019,interv3,21,38
2019-02-13,Miercoles,23,NA,36,NA,2,Feb,13,2019,interv3,23,36
2019-02-14,Jueves,23,NA,35,NA,2,Feb,14,2019,interv3,23,35
2019-02-15,Viernes,24,NA,37,NA,2,Feb,15,2019,interv3,24,37
2019-02-18,Lunes,24,NA,36,NA,2,Feb,18,2019,interv3,24,36
2019-02-19,Martes,23,NA,38,NA,2,Feb,19,2019,interv3,23,38
2019-02-20,Miercoles,22,NA,36,NA,2,Feb,20,2019,interv3,22,36
2019-02-21,Jueves,23,NA,36,NA,2,Feb,21,2019,interv3,23,36
2019-02-22,Viernes,22,NA,37,NA,2,Feb,22,2019,interv3,22,37
2019-02-25,Lunes,21,NA,36,NA,2,Feb,25,2019,interv3,21,36
2019-02-26,Martes,22,NA,35,NA,2,Feb,26,2019,interv3,22,35
2019-02-27,Miercoles,21,NA,36,NA,2,Feb,27,2019,interv3,21,36
2019-02-28,Jueves,22,NA,38,NA,2,Feb,28,2019,interv3,22,38
2019-03-01,Viernes,23,NA,31,NA,3,Mar,1,2019,interv3,23,31
2019-03-04,Lunes,21,NA,37,NA,3,Mar,4,2019,interv3,21,37
2019-03-05,Martes,22,NA,36,NA,3,Mar,5,2019,interv3,22,36
2019-03-06,Miercoles,25,NA,30,NA,3,Mar,6,2019,interv3,25,30
2019-03-07,Jueves,25,NA,30,NA,3,Mar,7,2019,interv3,25,30
2019-03-08,Viernes,23,NA,31,NA,3,Mar,8,2019,interv3,23,31
2019-03-11,Lunes,24,NA,31,NA,3,Mar,11,2019,interv3,24,31
2019-03-12,Martes,25,NA,31,NA,3,Mar,12,2019,interv3,25,31
2019-03-13,Miercoles,23,NA,31,NA,3,Mar,13,2019,interv3,23,31
2019-03-14,Jueves,23,NA,30,NA,3,Mar,14,2019,interv3,23,30
2019-03-15,Viernes,24,NA,31,NA,3,Mar,15,2019,interv3,24,31
2019-03-18,Lunes,21,NA,31,NA,3,Mar,18,2019,interv3,21,31
2019-03-19,Martes,22,NA,31,NA,3,Mar,19,2019,interv3,22,31
2019-03-20,Miercoles,22,NA,30,NA,3,Mar,20,2019,interv3,22,30
2019-03-21,Jueves,21,NA,31,NA,3,Mar,21,2019,interv3,21,31
2019-03-22,Viernes,21,NA,32,NA,3,Mar,22,2019,interv3,21,32
2019-03-25,Lunes,21,NA,32,NA,3,Mar,25,2019,interv3,21,32
2019-03-26,Martes,23,NA,31,NA,3,Mar,26,2019,interv3,23,31
2019-03-27,Miercoles,22,NA,33,NA,3,Mar,27,2019,interv3,22,33
2019-03-28,Jueves,22,NA,33,NA,3,Mar,28,2019,interv3,22,33
2019-03-29,Viernes,21,NA,32,NA,3,Mar,29,2019,interv3,21,32
2019-04-01,Lunes,21,NA,33,NA,4,Apr,1,2019,interv3,21,33
2019-04-02,Martes,19,NA,35,NA,4,Apr,2,2019,interv3,19,35
2019-04-03,Miercoles,19,NA,35,NA,4,Apr,3,2019,interv3,19,35
2019-04-04,Jueves,20,NA,36,NA,4,Apr,4,2019,interv3,20,36
2019-04-05,Viernes,21,NA,35,NA,4,Apr,5,2019,interv3,21,35
2019-04-08,Lunes,22,NA,34,NA,4,Apr,8,2019,interv3,22,34
2019-04-09,Martes,21,NA,36,NA,4,Apr,9,2019,interv3,21,36
2019-04-10,Miercoles,20,NA,34,NA,4,Apr,10,2019,interv3,20,34
2019-04-11,Jueves,22,NA,34,NA,4,Apr,11,2019,interv3,22,34
2019-04-12,Viernes,22,NA,36,NA,4,Apr,12,2019,interv3,22,36
2019-04-15,Lunes,24,NA,36,NA,4,Apr,15,2019,interv3,24,36
2019-04-16,Martes,25,NA,36,NA,4,Apr,16,2019,interv3,25,36
2019-04-17,Miercoles,22,NA,34,NA,4,Apr,17,2019,interv3,22,34
2019-04-18,Jueves,21,NA,35,NA,4,Apr,18,2019,interv3,21,35
2019-04-19,Viernes,NA,NA,NA,NA,4,Apr,19,2019,interv3,NA,NA
2019-04-22,Lunes,20,NA,44,NA,4,Apr,22,2019,interv3,20,44
2019-04-23,Martes,20,NA,37,NA,4,Apr,23,2019,interv3,20,37
2019-04-24,Miercoles,20,NA,35,NA,4,Apr,24,2019,interv3,20,35
2019-04-25,Jueves,20,NA,35,NA,4,Apr,25,2019,interv3,20,35
2019-04-26,Viernes,29,NA,34,NA,4,Apr,26,2019,interv3,29,34
2019-04-29,Lunes,19,NA,40,NA,4,Apr,29,2019,interv3,19,40
2019-04-30,Martes,20,NA,39,NA,4,Apr,30,2019,interv3,20,39
2019-05-01,Miercoles,22,NA,34,NA,5,May,1,2019,interv3,22,34
2019-05-02,Jueves,20,NA,36,NA,5,May,2,2019,interv3,20,36
2019-05-03,Viernes,NA,NA,NA,NA,5,May,3,2019,interv3,NA,NA
2019-05-06,Lunes,19,NA,50,NA,5,May,6,2019,interv3,19,50
2019-05-07,Martes,22,NA,37,NA,5,May,7,2019,interv3,22,37
2019-05-08,Miercoles,21,NA,37,NA,5,May,8,2019,interv3,21,37
2019-05-09,Jueves,21,NA,37,NA,5,May,9,2019,interv3,21,37
2019-05-10,Viernes,21,NA,37,NA,5,May,10,2019,interv3,21,37
2019-05-13,Lunes,21,NA,39,NA,5,May,13,2019,interv3,21,39
2019-05-14,Martes,22,NA,35,NA,5,May,14,2019,interv3,22,35
2019-05-15,Miercoles,22,NA,35,NA,5,May,15,2019,interv3,22,35
2019-05-16,Jueves,22,NA,35,NA,5,May,16,2019,interv3,22,35
2019-05-17,Viernes,22,NA,35,NA,5,May,17,2019,interv3,22,35
2019-05-20,Lunes,21,NA,37,NA,5,May,20,2019,interv3,21,37
2019-05-21,Martes,21,NA,36,NA,5,May,21,2019,interv3,21,36
2019-05-22,Miercoles,22,NA,39,NA,5,May,22,2019,interv3,22,39
2019-05-23,Jueves,21,NA,33,NA,5,May,23,2019,interv3,21,33
2019-05-24,Viernes,20,NA,40,NA,5,May,24,2019,interv3,20,40
2019-05-27,Lunes,20,NA,40,NA,5,May,27,2019,interv3,20,40
2019-05-28,Martes,21,NA,34,NA,5,May,28,2019,interv3,21,34
2019-05-29,Miercoles,21,NA,38,NA,5,May,29,2019,interv3,21,38
2019-05-30,Jueves,21,NA,34,NA,5,May,30,2019,interv3,21,34
2019-05-31,Viernes,21,NA,33,NA,5,May,31,2019,interv3,21,33
2019-06-03,Lunes,20,NA,38,NA,6,Jun,3,2019,interv3,20,38
2019-06-04,Martes,21,NA,37,NA,6,Jun,4,2019,interv3,21,37
2019-06-05,Miercoles,21,NA,37,NA,6,Jun,5,2019,interv3,21,37
2019-06-06,Jueves,21,NA,35,NA,6,Jun,6,2019,interv3,21,35
2019-06-07,Viernes,21,NA,36,NA,6,Jun,7,2019,interv3,21,36
2019-06-10,Lunes,21,NA,36,NA,6,Jun,10,2019,interv3,21,36
2019-06-11,Martes,20,NA,35,NA,6,Jun,11,2019,interv3,20,35
2019-06-12,Miercoles,20,NA,35,NA,6,Jun,12,2019,interv3,20,35
2019-06-13,Jueves,20,NA,38,NA,6,Jun,13,2019,interv3,20,38
2019-06-14,Viernes,21,NA,38,NA,6,Jun,14,2019,interv3,21,38
2019-06-17,Lunes,21,NA,40,NA,6,Jun,17,2019,interv3,21,40
2019-06-18,Martes,22,NA,42,NA,6,Jun,18,2019,interv3,22,42
2019-06-19,Miercoles,22,NA,42,NA,6,Jun,19,2019,interv3,22,42
2019-06-20,Jueves,21,NA,45,NA,6,Jun,20,2019,interv3,21,45
2019-06-21,Viernes,21,NA,62,NA,6,Jun,21,2019,interv3,21,62
2019-06-24,Lunes,21,NA,62,NA,6,Jun,24,2019,interv3,21,62
2019-06-25,Martes,21,NA,40,NA,6,Jun,25,2019,interv3,21,40
2019-06-26,Miercoles,21,NA,41,NA,6,Jun,26,2019,interv3,21,41
2019-06-27,Jueves,20,NA,44,NA,6,Jun,27,2019,interv3,20,44
2019-06-28,Viernes,22,NA,38,NA,6,Jun,28,2019,interv3,22,38
2019-07-01,Lunes,21,NA,38,NA,7,Jul,1,2019,interv3,21,38
2019-07-02,Martes,22,NA,39,NA,7,Jul,2,2019,interv3,22,39
2019-07-03,Miercoles,20,NA,39,NA,7,Jul,3,2019,interv3,20,39
2019-07-04,Jueves,20,NA,47,NA,7,Jul,4,2019,interv3,20,47
2019-07-05,Viernes,21,NA,45,NA,7,Jul,5,2019,interv3,21,45
2019-07-08,Lunes,22,NA,42,NA,7,Jul,8,2019,interv3,22,42
2019-07-09,Martes,21,NA,42,NA,7,Jul,9,2019,interv3,21,42
2019-07-10,Miercoles,20,NA,45,NA,7,Jul,10,2019,interv3,20,45
2019-07-11,Jueves,22,NA,40,NA,7,Jul,11,2019,interv3,22,40
2019-07-12,Viernes,20,NA,39,NA,7,Jul,12,2019,interv3,20,39
2019-07-15,Lunes,22,NA,45,NA,7,Jul,15,2019,interv3,22,45
2019-07-16,Martes,23,NA,45,NA,7,Jul,16,2019,interv3,23,45
2019-07-17,Miercoles,23,NA,38,NA,7,Jul,17,2019,interv3,23,38
2019-07-18,Jueves,22,NA,40,NA,7,Jul,18,2019,interv3,22,40
2019-07-19,Viernes,20,NA,44,NA,7,Jul,19,2019,interv3,20,44
2019-07-22,Lunes,21,NA,45,NA,7,Jul,22,2019,interv3,21,45
2019-07-23,Martes,21,NA,47,NA,7,Jul,23,2019,interv3,21,47
2019-07-24,Miercoles,21,NA,45,NA,7,Jul,24,2019,interv3,21,45
2019-07-25,Jueves,21,NA,64,NA,7,Jul,25,2019,interv3,21,64
2019-07-26,Viernes,20,NA,50,NA,7,Jul,26,2019,interv3,20,50
2019-07-29,lunes,21,NA,61,NA,7,Jul,29,2019,interv3,21,61
2019-07-30,martes,20,NA,49,NA,7,Jul,30,2019,interv3,20,49
2019-07-31,miercoles,20,NA,48,NA,7,Jul,31,2019,interv3,20,48
2019-08-01,jueves,21,NA,45,NA,8,Aug,1,2019,interv3,21,45
2019-08-02,viernes,20,NA,47,NA,8,Aug,2,2019,interv3,20,47
2019-08-05,lunes,20,NA,59,NA,8,Aug,5,2019,interv3,20,59
2019-08-06,martes,20,NA,47,NA,8,Aug,6,2019,interv3,20,47
2019-08-07,miercoles,20,NA,47,NA,8,Aug,7,2019,interv3,20,47
2019-08-08,jueves,20,NA,55,NA,8,Aug,8,2019,interv3,20,55
2019-08-09,viernes,NA,NA,NA,NA,8,Aug,9,2019,interv3,NA,NA
2019-08-12,lunes,20,NA,48,NA,8,Aug,12,2019,interv3,20,48
2019-08-13,martes,21,NA,52,NA,8,Aug,13,2019,interv3,21,52
2019-08-14,miercoles,20,NA,48,NA,8,Aug,14,2019,interv3,20,48
2019-08-15,jueves,20,NA,45,NA,8,Aug,15,2019,interv3,20,45
2019-08-16,viernes,20,NA,43,NA,8,Aug,16,2019,interv3,20,43
2019-08-19,lunes,20,NA,48,NA,8,Aug,19,2019,interv3,20,48
2019-08-20,martes,21,NA,40,NA,8,Aug,20,2019,interv3,21,40
2019-08-21,miercoles,21,NA,38,NA,8,Aug,21,2019,interv3,21,38
2019-08-22,jueves,22,NA,37,NA,8,Aug,22,2019,interv3,22,37
2019-08-23,viernes,22,NA,45,NA,8,Aug,23,2019,interv3,22,45
2019-08-26,lunes,21,NA,45,NA,8,Aug,26,2019,interv3,21,45
2019-08-27,martes,21,NA,44,NA,8,Aug,27,2019,interv3,21,44
2019-08-28,miercoles,22,NA,43,NA,8,Aug,28,2019,interv3,22,43
2019-08-29,jueves,21,NA,49,NA,8,Aug,29,2019,interv3,21,49
2019-08-30,viernes,21,NA,50,NA,8,Aug,30,2019,interv3,21,50
2019-09-02,lunes,NA,NA,NA,NA,9,Sep,2,2019,interv3,NA,NA
2019-09-03,martes,NA,NA,NA,NA,9,Sep,3,2019,interv3,NA,NA
2019-09-04,miercoles,21,NA,54,NA,9,Sep,4,2019,interv3,21,54
2019-09-05,jueves,21,NA,49,NA,9,Sep,5,2019,interv3,21,49
2019-09-06,viernes,21,NA,45,NA,9,Sep,6,2019,interv3,21,45
2019-09-09,lunes,22,NA,52,NA,9,Sep,9,2019,interv3,22,52
2019-09-10,martes,21,NA,45,NA,9,Sep,10,2019,interv3,21,45
2019-09-11,miercoles,21,NA,45,NA,9,Sep,11,2019,interv3,21,45
2019-09-12,jueves,21,NA,45,NA,9,Sep,12,2019,interv4,21,45
2019-09-13,viernes,21,NA,44,NA,9,Sep,13,2019,interv4,21,44
2019-09-16,lunes,21,NA,43,NA,9,Sep,16,2019,interv4,21,43
2019-09-17,martes,21,NA,41,NA,9,Sep,17,2019,interv4,21,41
2019-09-18,miercoles,23,NA,36,NA,9,Sep,18,2019,interv4,23,36
2019-09-19,jueves,23,NA,36,NA,9,Sep,19,2019,interv4,23,36
2019-09-20,viernes,23,NA,41,NA,9,Sep,20,2019,interv4,23,41
2019-09-23,lunes,22,NA,44,NA,9,Sep,23,2019,interv4,22,44
2019-09-24,martes,23,NA,35,NA,9,Sep,24,2019,interv4,23,35
2019-09-25,miercoles,23,NA,34,NA,9,Sep,25,2019,interv4,23,34
2019-09-26,jueves,22,NA,44,NA,9,Sep,26,2019,interv4,22,44
2019-09-27,viernes,22,NA,38,NA,9,Sep,27,2019,interv4,22,38
2019-09-30,Lunes,22,NA,47,NA,9,Sep,30,2019,interv4,22,47
2019-10-01,Martes,22,NA,42,NA,10,Oct,1,2019,interv4,22,42
2019-10-02,Miércoles,21,NA,40,NA,10,Oct,2,2019,interv4,21,40
2019-10-03,Jueves,22,NA,40,NA,10,Oct,3,2019,interv4,22,40
2019-10-04,Viernes,22,NA,42,NA,10,Oct,4,2019,interv4,22,42
2019-10-07,Lunes,22,NA,46,NA,10,Oct,7,2019,interv4,22,46
2019-10-08,Martes,23,NA,38,NA,10,Oct,8,2019,interv4,23,38
2019-10-09,Miércoles,22,NA,41,NA,10,Oct,9,2019,interv4,22,41
2019-10-10,Jueves,22,NA,42,NA,10,Oct,10,2019,interv4,22,42
2019-10-11,Viernes,22,NA,43,NA,10,Oct,11,2019,interv4,22,43
2019-10-14,Lunes,22,NA,42,NA,10,Oct,14,2019,interv4,22,42
2019-10-15,Martes,22,NA,42,NA,10,Oct,15,2019,interv4,22,42
2019-10-16,Miércoles,22,NA,40,NA,10,Oct,16,2019,interv4,22,40
2019-10-17,Jueves,22,NA,41,NA,10,Oct,17,2019,interv4,22,41
2019-10-18,Viernes,22,NA,36,NA,10,Oct,18,2019,interv4,22,36
2019-10-21,Lunes,22,NA,37,NA,10,Oct,21,2019,interv4,22,37
2019-10-22,Martes,21,NA,39,NA,10,Oct,22,2019,interv4,21,39
2019-10-23,Miércoles,21,NA,39,NA,10,Oct,23,2019,interv4,21,39
2019-10-24,Jueves,22,NA,36,NA,10,Oct,24,2019,interv4,22,36
2019-10-25,Viernes,22,NA,35,NA,10,Oct,25,2019,interv4,22,35
2019-10-28,Lunes,21,NA,34,NA,10,Oct,28,2019,interv4,21,34
2019-10-29,Martes,22,NA,34,NA,10,Oct,29,2019,interv4,22,34
2019-10-30,Miércoles,21,NA,37,NA,10,Oct,30,2019,interv4,21,37
2019-10-31,Jueves,22,NA,35,NA,10,Oct,31,2019,interv4,22,35
2019-11-01,Viernes,NA,NA,NA,NA,11,Nov,1,2019,interv4,NA,NA
2019-11-04,Lunes,NA,NA,NA,NA,11,Nov,4,2019,interv4,NA,NA
2019-11-05,Martes,21,NA,38,NA,11,Nov,5,2019,interv4,21,38
2019-11-06,Miércoles,22,NA,35,NA,11,Nov,6,2019,interv4,22,35
2019-11-07,Jueves,21,NA,34,NA,11,Nov,7,2019,interv4,21,34
2019-11-08,Viernes,21,NA,35,NA,11,Nov,8,2019,interv4,21,35
2019-11-11,Lunes,22,NA,33,NA,11,Nov,11,2019,interv4,22,33
2019-11-12,Martes,23,NA,33,NA,11,Nov,12,2019,interv4,23,33
2019-11-13,Miércoles,21,NA,36,NA,11,Nov,13,2019,interv4,21,36
2019-11-14,Jueves,22,NA,34,NA,11,Nov,14,2019,interv4,22,34
2019-11-15,Viernes,22,NA,33,NA,11,Nov,15,2019,interv4,22,33
2019-11-18,Lunes,22,NA,42,NA,11,Nov,18,2019,interv4,22,42
2019-11-19,Martes,23,NA,34,NA,11,Nov,19,2019,interv4,23,34
2019-11-20,Miércoles,23,NA,34,NA,11,Nov,20,2019,interv4,23,34
2019-11-21,Jueves,23,NA,33,NA,11,Nov,21,2019,interv4,23,33
2019-11-22,Viernes,22,NA,36,NA,11,Nov,22,2019,interv4,22,36
2019-11-25,Lunes,23,NA,33,NA,11,Nov,25,2019,interv4,23,33
2019-11-26,Martes,23,NA,33,NA,11,Nov,26,2019,interv4,23,33
2019-11-27,Miércoles,23,NA,33,NA,11,Nov,27,2019,interv4,23,33
2019-11-28,Jueves,23,NA,33,NA,11,Nov,28,2019,interv4,23,33
2019-11-29,Viernes,23,NA,32,NA,11,Nov,29,2019,interv4,23,32
2019-12-02,Lunes,23,NA,35,NA,12,Dec,2,2019,interv4,23,35
2019-12-03,Martes,23,NA,33,NA,12,Dec,3,2019,interv4,23,33
2019-12-04,Miércoles,23,NA,33,NA,12,Dec,4,2019,interv4,23,33
2019-12-05,Jueves,23,NA,33,NA,12,Dec,5,2019,interv4,23,33
2019-12-06,Viernes,23,NA,32,NA,12,Dec,6,2019,interv4,23,32
2019-12-09,Lunes,22,NA,31,NA,12,Dec,9,2019,interv4,22,31
2019-12-10,Martes,23,NA,33,NA,12,Dec,10,2019,interv4,23,33
2019-12-11,Miércoles,23,NA,33,NA,12,Dec,11,2019,interv4,23,33
2019-12-12,Jueves,23,NA,32,NA,12,Dec,12,2019,interv4,23,32
2019-12-13,Viernes,24,NA,32,NA,12,Dec,13,2019,interv4,24,32
2019-12-16,Lunes,24,NA,32,NA,12,Dec,16,2019,interv4,24,32
2019-12-17,Martes,23,NA,32,NA,12,Dec,17,2019,interv4,23,32
2019-12-18,Miércoles,23,NA,32,NA,12,Dec,18,2019,interv4,23,32
2019-12-19,Jueves,24,NA,32,NA,12,Dec,19,2019,interv4,24,32
2019-12-20,Viernes,23,NA,32,NA,12,Dec,20,2019,interv4,23,32
2019-12-23,Lunes,22,NA,33,NA,12,Dec,23,2019,interv4,22,33
2019-12-24,Martes,23,NA,32,NA,12,Dec,24,2019,interv4,23,32
2019-12-25,Miércoles,NA,NA,NA,NA,12,Dec,25,2019,interv4,NA,NA
2019-12-26,Jueves,23,NA,38,NA,12,Dec,26,2019,interv4,23,38
2019-12-27,Viernes,NA,NA,NA,NA,12,Dec,27,2019,interv4,NA,NA
2019-12-28,sábado,23,NA,33,NA,12,Dec,28,2019,interv4,23,33
2019-12-29,domingo,NA,NA,NA,NA,12,Dec,29,2019,interv4,NA,NA
2019-12-30,lunes,23,NA,32,NA,12,Dec,30,2019,interv4,23,32
2019-12-31,martes,NA,NA,NA,NA,12,Dec,31,2019,interv4,NA,NA
2020-01-01,miércoles,23,NA,33,NA,1,Jan,1,2020,interv4,23,33
2020-01-02,jueves,23,NA,32,NA,1,Jan,2,2020,interv4,23,32
2020-01-03,viernes,23,NA,33,NA,1,Jan,3,2020,interv4,23,33
2020-01-05,domingo,23,NA,34,NA,1,Jan,5,2020,interv4,23,34
2020-01-06,lunes,24,NA,31,NA,1,Jan,6,2020,interv4,24,31
2020-01-07,martes,23,NA,32,NA,1,Jan,7,2020,interv4,23,32
2020-01-08,miércoles,23,NA,32,NA,1,Jan,8,2020,interv4,23,32
2020-01-09,jueves,23,NA,32,NA,1,Jan,9,2020,interv4,23,32
2020-01-10,viernes,22,NA,33,NA,1,Jan,10,2020,interv4,22,33
2020-01-13,lunes,22,NA,45,NA,1,Jan,13,2020,interv4,22,45
2020-01-14,martes,23,NA,35,NA,1,Jan,14,2020,interv4,23,35
2020-01-15,miércoles,23,NA,34,NA,1,Jan,15,2020,interv4,23,34
2020-01-16,jueves,23,NA,35,NA,1,Jan,16,2020,interv4,23,35
2020-01-17,viernes,23,NA,34,NA,1,Jan,17,2020,interv4,23,34
2020-01-18,sábado,NA,NA,NA,NA,1,Jan,18,2020,interv4,NA,NA
2020-01-19,domingo,NA,NA,NA,NA,1,Jan,19,2020,interv4,NA,NA
2020-01-20,lunes,22,NA,44,NA,1,Jan,20,2020,interv4,22,44
2020-01-21,martes,23,NA,34,NA,1,Jan,21,2020,interv5,23,34
2020-01-22,miércoles,23,NA,33,NA,1,Jan,22,2020,interv5,23,33
2020-01-23,jueves,23,NA,31,NA,1,Jan,23,2020,interv5,23,31
2020-01-24,viernes,23,NA,31,NA,1,Jan,24,2020,interv5,23,31
2020-01-25,sábado,NA,NA,NA,NA,1,Jan,25,2020,interv5,NA,NA
2020-01-26,domingo,NA,NA,NA,NA,1,Jan,26,2020,interv5,NA,NA
2020-01-27,lunes,23,NA,30,NA,1,Jan,27,2020,interv5,23,30
2020-01-28,martes,23,NA,29,NA,1,Jan,28,2020,interv5,23,29
2020-01-29,miércoles,23,NA,29,NA,1,Jan,29,2020,interv5,23,29
2020-01-30,jueves,23,NA,30,NA,1,Jan,30,2020,interv5,23,30
2020-01-31,viernes,23,NA,29,NA,1,Jan,31,2020,interv5,23,29
2020-02-01,sábado,NA,NA,NA,NA,2,Feb,1,2020,interv5,NA,NA
2020-02-02,domingo,NA,NA,NA,NA,2,Feb,2,2020,interv5,NA,NA
2020-02-03,lunes,22,NA,33,NA,2,Feb,3,2020,interv5,22,33
2020-02-04,martes,23,NA,31,NA,2,Feb,4,2020,interv5,23,31
2020-02-05,miércoles,23,NA,30,NA,2,Feb,5,2020,interv5,23,30
2020-02-06,jueves,23,NA,31,NA,2,Feb,6,2020,interv5,23,31
2020-02-07,viernes,23,NA,30,NA,2,Feb,7,2020,interv5,23,30
2020-02-08,sábado,NA,NA,NA,NA,2,Feb,8,2020,interv5,NA,NA
2020-02-09,domingo,NA,NA,NA,NA,2,Feb,9,2020,interv5,NA,NA
2020-02-10,lunes,22,NA,32,NA,2,Feb,10,2020,interv5,22,32
2020-02-11,martes,23,NA,30,NA,2,Feb,11,2020,interv5,23,30
2020-02-12,miércoles,23,NA,28,NA,2,Feb,12,2020,interv5,23,28
2020-02-13,jueves,23,NA,28,NA,2,Feb,13,2020,interv5,23,28
2020-02-14,viernes,23,NA,28,NA,2,Feb,14,2020,interv5,23,28
2020-02-15,sábado,NA,NA,NA,NA,2,Feb,15,2020,interv5,NA,NA
2020-02-16,domingo,NA,NA,NA,NA,2,Feb,16,2020,interv5,NA,NA
2020-02-17,lunes,NA,NA,NA,NA,2,Feb,17,2020,interv5,NA,NA
2020-02-18,martes,23,NA,32,NA,2,Feb,18,2020,interv5,23,32
2020-02-19,miércoles,23,NA,30,NA,2,Feb,19,2020,interv5,23,30
2020-02-20,jueves,23,NA,30,NA,2,Feb,20,2020,interv5,23,30
2020-02-21,viernes,23,NA,28,NA,2,Feb,21,2020,interv5,23,28
2020-02-22,sábado,NA,NA,NA,NA,2,Feb,22,2020,interv5,NA,NA
2020-02-23,domingo,23,NA,30,NA,2,Feb,23,2020,interv5,23,30
2020-02-24,lunes,NA,NA,NA,NA,2,Feb,24,2020,interv5,NA,NA
2020-02-25,martes,22,NA,28,NA,2,Feb,25,2020,interv5,22,28
2020-02-26,miércoles,22,NA,31,NA,2,Feb,26,2020,interv5,22,31
2020-02-27,jueves,24,NA,29,NA,2,Feb,27,2020,interv5,24,29
2020-02-28,viernes,22,NA,29,NA,2,Feb,28,2020,interv5,22,29
2020-02-29,sábado,NA,NA,NA,NA,2,Feb,29,2020,interv5,NA,NA
2020-03-01,domingo,NA,NA,NA,NA,3,Mar,1,2020,interv5,NA,NA
2020-03-02,lunes,23,NA,32,NA,3,Mar,2,2020,interv5,23,32
2020-03-03,martes,24,NA,30,NA,3,Mar,3,2020,interv5,24,30
2020-03-04,miércoles,25,NA,28,NA,3,Mar,4,2020,interv5,25,28
2020-03-05,jueves,25,NA,30,NA,3,Mar,5,2020,interv5,25,30
2020-03-06,viernes,23,NA,28,NA,3,Mar,6,2020,interv5,23,28
2020-03-07,sábado,NA,NA,NA,NA,3,Mar,7,2020,interv5,NA,NA
2020-03-08,domingo,NA,NA,NA,NA,3,Mar,8,2020,interv5,NA,NA
2020-03-09,lunes,22,NA,29,NA,3,Mar,9,2020,interv5,22,29
2020-03-10,martes,22,NA,29,NA,3,Mar,10,2020,interv5,22,29
2020-03-11,miércoles,22,NA,28,NA,3,Mar,11,2020,interv5,22,28
2020-03-12,jueves,22,NA,28,NA,3,Mar,12,2020,interv5,22,28
2020-03-13,viernes,22,NA,27,NA,3,Mar,13,2020,interv5,22,27
2020-03-14,sábado,NA,NA,NA,NA,3,Mar,14,2020,interv5,NA,NA
2020-03-15,domingo,22,NA,28,NA,3,Mar,15,2020,interv5,22,28
2020-03-16,lunes,24,NA,29,NA,3,Mar,16,2020,interv5,24,29
2020-03-17,martes,24,NA,28,NA,3,Mar,17,2020,interv5,24,28
2020-03-18,miércoles,25,NA,28,NA,3,Mar,18,2020,interv5,25,28
2020-03-19,jueves,NA,NA,NA,NA,3,Mar,19,2020,interv5,NA,NA
2020-03-20,viernes,24,NA,31,NA,3,Mar,20,2020,interv5,24,31
2020-03-21,sábado,NA,NA,NA,NA,3,Mar,21,2020,interv5,NA,NA
2020-03-22,domingo,25,NA,30,NA,3,Mar,22,2020,interv5,25,30
2020-03-23,lunes,NA,NA,NA,NA,3,Mar,23,2020,interv5,NA,NA
2020-03-24,martes,24,NA,30,NA,3,Mar,24,2020,interv5,24,30
2020-03-25,miércoles,NA,NA,NA,NA,3,Mar,25,2020,interv5,NA,NA
2020-03-26,jueves,24,NA,31,NA,3,Mar,26,2020,interv5,24,31
2020-03-27,viernes,NA,NA,NA,NA,3,Mar,27,2020,interv5,NA,NA
2020-03-28,sábado,NA,NA,NA,NA,3,Mar,28,2020,interv5,NA,NA
2020-03-29,domingo,24,NA,31,NA,3,Mar,29,2020,interv5,24,31
2020-03-30,lunes,NA,NA,NA,NA,3,Mar,30,2020,interv5,NA,NA
2020-03-31,martes,NA,NA,NA,NA,3,Mar,31,2020,interv5,NA,NA
2020-04-01,miércoles,24,NA,31,NA,4,Apr,1,2020,interv5,24,31
2020-04-02,jueves,NA,NA,NA,NA,4,Apr,2,2020,interv5,NA,NA
2020-04-03,viernes,NA,NA,NA,NA,4,Apr,3,2020,interv5,NA,NA
2020-04-04,sábado,NA,NA,NA,NA,4,Apr,4,2020,interv5,NA,NA
2020-04-05,domingo,NA,NA,NA,NA,4,Apr,5,2020,interv5,NA,NA
2020-04-06,lunes,23,NA,36,NA,4,Apr,6,2020,interv5,23,36
2020-04-07,martes,NA,NA,NA,NA,4,Apr,7,2020,interv5,NA,NA
2020-04-08,miércoles,24,NA,31,NA,4,Apr,8,2020,interv5,24,31
2020-04-09,jueves,NA,NA,NA,NA,4,Apr,9,2020,interv5,NA,NA
2020-04-10,viernes,NA,NA,NA,NA,4,Apr,10,2020,interv5,NA,NA
2020-04-11,sábado,NA,NA,NA,NA,4,Apr,11,2020,interv5,NA,NA
2020-04-12,domingo,24,NA,32,NA,4,Apr,12,2020,interv5,24,32
2020-04-13,lunes,NA,NA,NA,NA,4,Apr,13,2020,interv5,NA,NA
2020-04-14,martes,NA,NA,NA,NA,4,Apr,14,2020,interv5,NA,NA
2020-04-15,miércoles,NA,NA,NA,NA,4,Apr,15,2020,interv5,NA,NA
2020-04-16,jueves,23,NA,42,NA,4,Apr,16,2020,interv5,23,42
2020-04-17,viernes,NA,NA,NA,NA,4,Apr,17,2020,interv5,NA,NA
2020-04-18,sábado,NA,NA,NA,NA,4,Apr,18,2020,interv5,NA,NA
2020-04-19,domingo,24,NA,40,NA,4,Apr,19,2020,interv5,24,40
2020-04-20,lunes,NA,NA,NA,NA,4,Apr,20,2020,interv6,NA,NA
2020-04-21,martes,NA,NA,NA,NA,4,Apr,21,2020,interv6,NA,NA
2020-04-22,miércoles,24,NA,41,NA,4,Apr,22,2020,interv6,24,41
2020-04-23,jueves,25,NA,32,NA,4,Apr,23,2020,interv6,25,32
2020-04-24,viernes,NA,NA,NA,NA,4,Apr,24,2020,interv6,NA,NA
2020-04-25,sábado,NA,NA,NA,NA,4,Apr,25,2020,interv6,NA,NA
2020-04-26,domingo,24,25,NA,NA,4,Apr,26,2020,interv6,24.5,NA
2020-04-27,lunes,NA,NA,NA,NA,4,Apr,27,2020,interv6,NA,NA
2020-04-28,martes,NA,NA,NA,NA,4,Apr,28,2020,interv6,NA,NA
2020-04-29,miércoles,23,25,40,39,4,Apr,29,2020,interv6,24,39.5
2020-04-30,jueves,NA,NA,NA,NA,4,Apr,30,2020,interv6,NA,NA
2020-05-01,viernes,NA,NA,NA,NA,5,May,1,2020,interv6,NA,NA
2020-05-02,sábado,NA,NA,NA,NA,5,May,2,2020,interv6,NA,NA
2020-05-03,domingo,23,24,NA,NA,5,May,3,2020,interv6,23.5,NA
2020-05-04,lunes,NA,NA,NA,NA,5,May,4,2020,interv6,NA,NA
2020-05-05,martes,NA,NA,NA,NA,5,May,5,2020,interv6,NA,NA
2020-05-06,miércoles,24,24,34,36,5,May,6,2020,interv6,24,35
2020-05-07,jueves,NA,NA,NA,NA,5,May,7,2020,interv6,NA,NA
2020-05-08,viernes,NA,NA,NA,NA,5,May,8,2020,interv6,NA,NA
2020-05-09,sábado,NA,NA,NA,NA,5,May,9,2020,interv6,NA,NA
2020-05-10,domingo,23,23,NA,NA,5,May,10,2020,interv6,23,NA
2020-05-11,lunes,NA,NA,NA,NA,5,May,11,2020,interv6,NA,NA
2020-05-12,martes,NA,NA,NA,NA,5,May,12,2020,interv6,NA,NA
2020-05-13,miércoles,NA,NA,NA,NA,5,May,13,2020,interv6,NA,NA
2020-05-14,jueves,23,23,NA,NA,5,May,14,2020,interv6,23,NA
2020-05-15,viernes,NA,NA,NA,NA,5,May,15,2020,interv6,NA,NA
2020-05-16,sábado,NA,NA,NA,NA,5,May,16,2020,interv6,NA,NA
2020-05-17,domingo,NA,NA,NA,NA,5,May,17,2020,interv6,NA,NA
2020-05-18,lunes,23,23,35,38,5,May,18,2020,interv6,23,36.5
2020-05-19,martes,NA,NA,NA,NA,5,May,19,2020,interv6,NA,NA
2020-05-20,miércoles,NA,NA,NA,NA,5,May,20,2020,interv6,NA,NA
2020-05-21,jueves,24,24,NA,NA,5,May,21,2020,interv6,24,NA
2020-05-22,viernes,NA,NA,NA,NA,5,May,22,2020,interv6,NA,NA
2020-05-23,sábado,NA,NA,NA,NA,5,May,23,2020,interv6,NA,NA
2020-05-24,domingo,NA,NA,NA,NA,5,May,24,2020,interv6,NA,NA
2020-05-25,lunes,23,23,NA,NA,5,May,25,2020,interv6,23,NA
2020-05-26,martes,24,24,NA,NA,5,May,26,2020,interv6,24,NA
2020-05-27,miércoles,24,24,30,18,5,May,27,2020,interv6,24,24
2020-05-28,jueves,NA,NA,NA,NA,5,May,28,2020,interv6,NA,NA
2020-05-29,viernes,NA,NA,NA,NA,5,May,29,2020,interv6,NA,NA
2020-05-30,sábado,NA,NA,NA,NA,5,May,30,2020,interv6,NA,NA
2020-05-31,domingo,NA,NA,NA,NA,5,May,31,2020,interv6,NA,NA
2020-06-01,lunes,23,23,NA,NA,6,Jun,1,2020,interv6,23,NA
2020-06-02,martes,NA,NA,NA,NA,6,Jun,2,2020,interv6,NA,NA
2020-06-03,miércoles,24,24,NA,NA,6,Jun,3,2020,interv6,24,NA
2020-06-04,jueves,24,24,NA,NA,6,Jun,4,2020,interv6,24,NA
2020-06-05,viernes,24,25,29,17,6,Jun,5,2020,interv6,24.5,23
2020-06-06,sábado,NA,NA,NA,NA,6,Jun,6,2020,interv6,NA,NA
2020-06-07,domingo,NA,NA,NA,NA,6,Jun,7,2020,interv6,NA,NA
2020-06-08,lunes,22,24,NA,NA,6,Jun,8,2020,interv6,23,NA
2020-06-09,martes,NA,NA,NA,NA,6,Jun,9,2020,interv6,NA,NA
2020-06-10,miércoles,22,24,NA,NA,6,Jun,10,2020,interv6,23,NA
2020-06-11,jueves,NA,NA,NA,NA,6,Jun,11,2020,interv6,NA,NA
2020-06-12,viernes,NA,NA,NA,NA,6,Jun,12,2020,interv6,NA,NA
2020-06-13,sábado,21,22,NA,NA,6,Jun,13,2020,interv6,21.5,NA
2020-06-14,domingo,NA,NA,NA,NA,6,Jun,14,2020,interv6,NA,NA
2020-06-15,lunes,NA,NA,NA,NA,6,Jun,15,2020,interv6,NA,NA
2020-06-16,martes,21,23,NA,NA,6,Jun,16,2020,interv6,22,NA
2020-06-17,miércoles,NA,NA,NA,NA,6,Jun,17,2020,interv6,NA,NA
2020-06-18,jueves,NA,NA,NA,NA,6,Jun,18,2020,interv6,NA,NA
2020-06-19,viernes,22,23,NA,NA,6,Jun,19,2020,interv6,22.5,NA
2020-06-20,sábado,NA,NA,NA,NA,6,Jun,20,2020,interv6,NA,NA
2020-06-21,domingo,NA,NA,NA,NA,6,Jun,21,2020,interv6,NA,NA
2020-06-22,lunes,NA,NA,NA,NA,6,Jun,22,2020,interv6,NA,NA
2020-06-23,martes,21,23,NA,NA,6,Jun,23,2020,interv6,22,NA
2020-06-24,miércoles,NA,NA,NA,NA,6,Jun,24,2020,interv6,NA,NA
2020-06-25,jueves,NA,NA,NA,NA,6,Jun,25,2020,interv6,NA,NA
2020-06-26,viernes,22,23,NA,NA,6,Jun,26,2020,interv6,22.5,NA
2020-06-27,sábado,NA,NA,NA,NA,6,Jun,27,2020,interv6,NA,NA
2020-06-28,NA,NA,NA,NA,NA,6,Jun,28,2020,interv6,NA,NA
2020-06-29,NA,NA,NA,NA,NA,6,Jun,29,2020,interv6,NA,NA
2020-06-30,NA,22,23,NA,NA,6,Jun,30,2020,interv6,22.5,NA
2020-07-01,NA,NA,NA,NA,NA,7,Jul,1,2020,interv6,NA,NA
2020-07-02,NA,NA,NA,NA,NA,7,Jul,2,2020,interv6,NA,NA
2020-07-03,NA,22,23,NA,NA,7,Jul,3,2020,interv6,22.5,NA
2020-07-04,NA,NA,NA,NA,NA,7,Jul,4,2020,interv6,NA,NA
2020-07-05,NA,NA,NA,NA,NA,7,Jul,5,2020,interv6,NA,NA
2020-07-06,NA,22,23,NA,NA,7,Jul,6,2020,interv6,22.5,NA
2020-07-07,NA,NA,NA,NA,NA,7,Jul,7,2020,interv6,NA,NA
2020-07-08,NA,22,23,NA,NA,7,Jul,8,2020,interv6,22.5,NA
2020-07-09,NA,NA,NA,NA,NA,7,Jul,9,2020,interv6,NA,NA
2020-07-10,NA,21,22,NA,NA,7,Jul,10,2020,interv6,21.5,NA
2020-07-11,NA,NA,NA,NA,NA,7,Jul,11,2020,interv6,NA,NA
2020-07-12,NA,NA,NA,NA,NA,7,Jul,12,2020,interv6,NA,NA
2020-07-13,NA,21,21,NA,NA,7,Jul,13,2020,interv6,21,NA
2020-07-14,NA,NA,NA,NA,NA,7,Jul,14,2020,interv6,NA,NA
2020-07-15,NA,21,22,NA,NA,7,Jul,15,2020,interv6,21.5,NA
2020-07-16,NA,NA,NA,NA,NA,7,Jul,16,2020,interv6,NA,NA
2020-07-17,NA,21,22,NA,NA,7,Jul,17,2020,interv6,21.5,NA
2020-07-18,NA,NA,NA,NA,NA,7,Jul,18,2020,interv6,NA,NA
2020-07-19,NA,NA,NA,NA,NA,7,Jul,19,2020,interv6,NA,NA
2020-07-20,NA,NA,NA,NA,NA,7,Jul,20,2020,interv6,NA,NA
2020-07-21,NA,NA,NA,NA,NA,7,Jul,21,2020,interv6,NA,NA
2020-07-22,NA,21,21,NA,NA,7,Jul,22,2020,interv6,21,NA
2020-07-23,NA,NA,NA,NA,NA,7,Jul,23,2020,interv7,NA,NA
2020-07-24,NA,21,22,NA,NA,7,Jul,24,2020,interv7,21.5,NA
2020-07-25,NA,NA,NA,NA,NA,7,Jul,25,2020,interv7,NA,NA
2020-07-26,NA,NA,NA,NA,NA,7,Jul,26,2020,interv7,NA,NA
2020-07-27,NA,21,22,NA,NA,7,Jul,27,2020,interv7,21.5,NA
2020-07-28,NA,NA,NA,NA,NA,7,Jul,28,2020,interv7,NA,NA
2020-07-29,NA,20,22,NA,NA,7,Jul,29,2020,interv7,21,NA
2020-07-30,NA,NA,NA,NA,NA,7,Jul,30,2020,interv7,NA,NA
2020-07-31,NA,21,22,NA,NA,7,Jul,31,2020,interv7,21.5,NA
2020-08-01,NA,NA,NA,NA,NA,8,Aug,1,2020,interv7,NA,NA
2020-08-02,NA,NA,NA,NA,NA,8,Aug,2,2020,interv7,NA,NA
2020-08-03,NA,21,22,32,25,8,Aug,3,2020,interv7,21.5,28.5
2020-08-04,NA,NA,NA,NA,NA,8,Aug,4,2020,interv7,NA,NA
2020-08-05,NA,NA,NA,NA,NA,8,Aug,5,2020,interv7,NA,NA
2020-08-06,NA,NA,NA,NA,NA,8,Aug,6,2020,interv7,NA,NA
2020-08-07,NA,NA,NA,NA,NA,8,Aug,7,2020,interv7,NA,NA
2020-08-08,NA,NA,NA,NA,NA,8,Aug,8,2020,interv7,NA,NA
2020-08-09,NA,NA,NA,NA,NA,8,Aug,9,2020,interv7,NA,NA
2020-08-10,NA,20,21,NA,NA,8,Aug,10,2020,interv7,20.5,NA
2020-08-11,NA,NA,NA,NA,NA,8,Aug,11,2020,interv7,NA,NA
2020-08-12,NA,NA,NA,NA,NA,8,Aug,12,2020,interv7,NA,NA
2020-08-13,NA,NA,NA,NA,NA,8,Aug,13,2020,interv7,NA,NA
2020-08-14,NA,21,22,NA,NA,8,Aug,14,2020,interv7,21.5,NA
2020-08-15,NA,NA,NA,NA,NA,8,Aug,15,2020,interv7,NA,NA
2020-08-16,NA,NA,NA,NA,NA,8,Aug,16,2020,interv7,NA,NA
2020-08-17,NA,NA,NA,NA,NA,8,Aug,17,2020,interv7,NA,NA
2020-08-18,NA,20,22,NA,NA,8,Aug,18,2020,interv7,21,NA
2020-08-19,NA,NA,NA,NA,NA,8,Aug,19,2020,interv7,NA,NA
2020-08-20,NA,NA,NA,NA,NA,8,Aug,20,2020,interv7,NA,NA
2020-08-21,NA,20,20,33,31,8,Aug,21,2020,interv7,20,32
2020-08-22,NA,NA,NA,NA,NA,8,Aug,22,2020,interv7,NA,NA
2020-08-23,NA,NA,NA,NA,NA,8,Aug,23,2020,interv7,NA,NA
2020-08-24,NA,NA,NA,NA,NA,8,Aug,24,2020,interv7,NA,NA
2020-08-25,NA,NA,NA,NA,NA,8,Aug,25,2020,interv7,NA,NA
2020-08-26,NA,NA,NA,NA,NA,8,Aug,26,2020,interv7,NA,NA
2020-08-27,NA,NA,NA,NA,NA,8,Aug,27,2020,interv7,NA,NA
2020-08-28,NA,20,20,36,40,8,Aug,28,2020,interv7,20,38
2020-08-29,NA,NA,NA,NA,NA,8,Aug,29,2020,interv7,NA,NA
2020-08-30,NA,NA,NA,NA,NA,8,Aug,30,2020,interv7,NA,NA
2020-08-31,NA,NA,NA,NA,NA,8,Aug,31,2020,interv7,NA,NA
2020-09-01,NA,20,21,NA,NA,9,Sep,1,2020,interv7,20.5,NA
2020-09-02,NA,NA,NA,NA,NA,9,Sep,2,2020,interv7,NA,NA
2020-09-03,NA,NA,NA,NA,NA,9,Sep,3,2020,interv7,NA,NA
2020-09-04,NA,NA,NA,NA,NA,9,Sep,4,2020,interv7,NA,NA
2020-09-05,NA,NA,NA,NA,NA,9,Sep,5,2020,interv7,NA,NA
2020-09-06,NA,NA,NA,NA,NA,9,Sep,6,2020,interv7,NA,NA
2020-09-07,NA,NA,NA,NA,NA,9,Sep,7,2020,interv7,NA,NA
2020-09-08,NA,20,20,40,60,9,Sep,8,2020,interv7,20,50
2020-09-09,NA,NA,NA,NA,NA,9,Sep,9,2020,interv7,NA,NA
2020-09-10,NA,NA,NA,NA,NA,9,Sep,10,2020,interv7,NA,NA
2020-09-11,NA,20,21,NA,NA,9,Sep,11,2020,interv7,20.5,NA
2020-09-12,NA,NA,NA,NA,NA,9,Sep,12,2020,interv7,NA,NA
2020-09-13,NA,NA,NA,NA,NA,9,Sep,13,2020,interv7,NA,NA
2020-09-14,NA,NA,NA,NA,NA,9,Sep,14,2020,interv7,NA,NA
2020-09-15,NA,20,21,NA,NA,9,Sep,15,2020,interv7,20.5,NA
2020-09-16,NA,NA,NA,NA,NA,9,Sep,16,2020,interv7,NA,NA
2020-09-17,NA,NA,NA,NA,NA,9,Sep,17,2020,interv7,NA,NA
2020-09-18,NA,21,22,NA,NA,9,Sep,18,2020,interv7,21.5,NA
2020-09-19,NA,NA,NA,NA,NA,9,Sep,19,2020,interv7,NA,NA
2020-09-20,NA,NA,NA,NA,NA,9,Sep,20,2020,interv7,NA,NA
2020-09-21,NA,21,21,NA,NA,9,Sep,21,2020,interv7,21,NA
2020-09-22,NA,NA,NA,NA,NA,9,Sep,22,2020,interv7,NA,NA
2020-09-23,NA,21,21,NA,NA,9,Sep,23,2020,interv7,21,NA
2020-09-24,NA,NA,NA,NA,NA,9,Sep,24,2020,interv7,NA,NA
2020-09-25,NA,21,22,NA,NA,9,Sep,25,2020,interv7,21.5,NA
2020-09-26,NA,NA,NA,NA,NA,9,Sep,26,2020,interv7,NA,NA
2020-09-27,NA,NA,NA,NA,NA,9,Sep,27,2020,interv7,NA,NA
2020-09-28,NA,22,24,NA,NA,9,Sep,28,2020,interv7,23,NA
2020-09-29,NA,22,22,NA,NA,9,Sep,29,2020,interv7,22,NA
2020-09-30,NA,21,22,NA,NA,9,Sep,30,2020,interv7,21.5,NA
2020-10-01,NA,21,22,NA,NA,10,Oct,1,2020,interv7,21.5,NA
2020-10-02,NA,21,22,NA,NA,10,Oct,2,2020,interv7,21.5,NA
2020-10-03,NA,NA,NA,NA,NA,10,Oct,3,2020,interv7,NA,NA
2020-10-04,NA,NA,NA,NA,NA,10,Oct,4,2020,interv7,NA,NA
2020-10-05,NA,21,21,NA,NA,10,Oct,5,2020,interv7,21,NA
2020-10-06,NA,21,22,NA,NA,10,Oct,6,2020,interv7,21.5,NA
2020-10-07,NA,21,22,NA,NA,10,Oct,7,2020,interv7,21.5,NA
2020-10-08,NA,22,22,NA,NA,10,Oct,8,2020,interv7,22,NA
2020-10-09,NA,NA,NA,NA,NA,10,Oct,9,2020,interv7,NA,NA
2020-10-10,NA,NA,NA,NA,NA,10,Oct,10,2020,interv7,NA,NA
2020-10-11,NA,NA,NA,NA,NA,10,Oct,11,2020,interv7,NA,NA
2020-10-12,NA,21,22,NA,NA,10,Oct,12,2020,interv7,21.5,NA
2020-10-13,NA,22,22,NA,NA,10,Oct,13,2020,interv7,22,NA
2020-10-14,NA,21,21,NA,NA,10,Oct,14,2020,interv7,21,NA
2020-10-15,NA,22,22,NA,NA,10,Oct,15,2020,interv7,22,NA
2020-10-16,NA,NA,NA,NA,NA,10,Oct,16,2020,interv7,NA,NA
2020-10-17,NA,NA,NA,NA,NA,10,Oct,17,2020,interv7,NA,NA
2020-10-18,NA,NA,NA,NA,NA,10,Oct,18,2020,interv7,NA,NA
2020-10-19,NA,21,22,34,36,10,Oct,19,2020,interv7,21.5,35
2020-10-20,NA,21,22,NA,NA,10,Oct,20,2020,interv7,21.5,NA
2020-10-21,NA,22,22,NA,NA,10,Oct,21,2020,interv7,22,NA
2020-10-22,NA,22,22,NA,NA,10,Oct,22,2020,interv7,22,NA
2020-10-23,NA,22,22,NA,NA,10,Oct,23,2020,interv8,22,NA
2020-10-24,NA,NA,NA,NA,NA,10,Oct,24,2020,interv8,NA,NA
2020-10-25,NA,NA,NA,NA,NA,10,Oct,25,2020,interv8,NA,NA
2020-10-26,NA,21,22,NA,NA,10,Oct,26,2020,interv8,21.5,NA
2020-10-27,NA,22,22,NA,NA,10,Oct,27,2020,interv8,22,NA
2020-10-28,NA,22,22,NA,NA,10,Oct,28,2020,interv8,22,NA
2020-10-29,NA,22,22,NA,NA,10,Oct,29,2020,interv8,22,NA
2020-10-30,NA,NA,NA,NA,NA,10,Oct,30,2020,interv8,NA,NA
2020-10-31,NA,NA,NA,NA,NA,10,Oct,31,2020,interv8,NA,NA
2020-11-01,NA,NA,NA,NA,NA,11,Nov,1,2020,interv8,NA,NA
2020-11-02,NA,24,24,NA,NA,11,Nov,2,2020,interv8,24,NA
2020-11-03,NA,23,23,NA,NA,11,Nov,3,2020,interv8,23,NA
2020-11-04,NA,23,23,NA,NA,11,Nov,4,2020,interv8,23,NA
2020-11-05,NA,23,23,NA,NA,11,Nov,5,2020,interv8,23,NA
2020-11-06,NA,22,24,27,18,11,Nov,6,2020,interv8,23,22.5
2020-11-07,NA,23,23,NA,NA,11,Nov,7,2020,interv8,23,NA
2020-11-08,NA,NA,NA,NA,NA,11,Nov,8,2020,interv8,NA,NA
2020-11-09,NA,22,22,NA,NA,11,Nov,9,2020,interv8,22,NA
2020-11-10,NA,23,NA,28,NA,11,Nov,10,2020,interv8,23,28
2020-11-11,NA,22,23,26,19,11,Nov,11,2020,interv8,22.5,22.5
2020-11-12,jueves,22,22.9,26,19,11,Nov,12,2020,interv8,22.45,22.5
2020-11-13,viernes,22,22.9,26,19,11,Nov,13,2020,interv8,22.45,22.5
2020-11-14,sábado,22,22.9,26,19,11,Nov,14,2020,interv8,22.45,22.5
2020-11-15,domingo,NA,NA,NA,NA,11,Nov,15,2020,interv8,NA,NA
2020-11-16,lunes,21,21.9,29,21,11,Nov,16,2020,interv8,21.45,25
2020-11-17,martes,22,22.9,26,19,11,Nov,17,2020,interv8,22.45,22.5
2020-11-18,miércoles,21,22,28,19,11,Nov,18,2020,interv8,21.5,23.5
2020-11-19,jueves,22,22.6,27,19,11,Nov,19,2020,interv8,22.3,23
2020-11-20,viernes,22,22.9,26,19,11,Nov,20,2020,interv8,22.45,22.5
2020-11-21,sábado,NA,NA,NA,NA,11,Nov,21,2020,interv8,NA,NA
2020-11-22,domingo,NA,NA,NA,NA,11,Nov,22,2020,interv8,NA,NA
2020-11-23,lunes,22,23.1,23,19,11,Nov,23,2020,interv8,22.55,21
2020-11-24,martes,22,23.2,26,19,11,Nov,24,2020,interv8,22.6,22.5
2020-11-25,miércoles,22,23,26,19,11,Nov,25,2020,interv8,22.5,22.5
2020-11-26,jueves,23,23.9,25,19,11,Nov,26,2020,interv8,23.45,22
2020-11-27,viernes,22,22.8,26,19,11,Nov,27,2020,interv8,22.4,22.5
2020-11-28,sábado,NA,NA,NA,NA,11,Nov,28,2020,interv8,NA,NA
2020-11-29,domingo,NA,NA,NA,NA,11,Nov,29,2020,interv8,NA,NA
2020-11-30,lunes,22,21,28,26,11,Nov,30,2020,interv8,21.5,27
2020-12-01,martes,22,22.1,27,19,12,Dec,1,2020,interv8,22.05,23
2020-12-02,miércoles,22,22.5,27,19,12,Dec,2,2020,interv8,22.25,23
2020-12-03,jueves,22,22.6,27,19,12,Dec,3,2020,interv8,22.3,23
2020-12-04,viernes,22,22.3,26,19,12,Dec,4,2020,interv8,22.15,22.5
2020-12-05,sábado,NA,NA,NA,NA,12,Dec,5,2020,interv8,NA,NA
2020-12-06,domingo,NA,NA,NA,NA,12,Dec,6,2020,interv8,NA,NA
2020-12-07,lunes,22,21.6,30,26,12,Dec,7,2020,interv8,21.8,28
2020-12-08,martes,22,22.6,27,19,12,Dec,8,2020,interv8,22.3,23
2020-12-09,miércoles,22,22.5,27,19,12,Dec,9,2020,interv8,22.25,23
2020-12-10,jueves,22,22.7,27,19,12,Dec,10,2020,interv8,22.35,23
2020-12-11,viernes,22,23,26,25,12,Dec,11,2020,interv8,22.5,25.5
2020-12-12,sábado,NA,NA,NA,NA,12,Dec,12,2020,interv8,NA,NA
2020-12-13,domingo,NA,NA,NA,NA,12,Dec,13,2020,interv8,NA,NA
2020-12-14,lunes,22,21,27,31,12,Dec,14,2020,interv8,21.5,29
2020-12-15,martes,22,22,26,25,12,Dec,15,2020,interv8,22,25.5
2020-12-16,miércoles,22,22,25,19,12,Dec,16,2020,interv8,22,22
2020-12-17,jueves,22,23,25,25,12,Dec,17,2020,interv8,22.5,25
2020-12-18,viernes,22,22,25,26,12,Dec,18,2020,interv8,22,25.5
2020-12-19,sábado,NA,NA,NA,NA,12,Dec,19,2020,interv8,NA,NA
2020-12-20,domingo,NA,NA,NA,NA,12,Dec,20,2020,interv8,NA,NA
2020-12-21,lunes,22,22,28,26,12,Dec,21,2020,interv8,22,27
2020-12-22,martes,NA,NA,NA,NA,12,Dec,22,2020,interv8,NA,NA
2020-12-23,miércoles,NA,NA,NA,NA,12,Dec,23,2020,interv8,NA,NA
2020-12-24,jueves,22,22,25,26,12,Dec,24,2020,interv8,22,25.5
2020-12-25,viernes,NA,NA,NA,NA,12,Dec,25,2020,interv8,NA,NA
2020-12-26,sábado,NA,NA,NA,NA,12,Dec,26,2020,interv8,NA,NA
2020-12-27,domingo,NA,NA,NA,NA,12,Dec,27,2020,interv8,NA,NA
2020-12-28,lunes,NA,NA,NA,NA,12,Dec,28,2020,interv8,NA,NA
2020-12-29,martes,22,22,30,32,12,Dec,29,2020,interv8,22,31
2020-12-30,miércoles,22,22,26,25,12,Dec,30,2020,interv8,22,25.5
2020-12-31,jueves,22,22,25,26,12,Dec,31,2020,interv8,22,25.5
2021-01-01,viernes,NA,NA,NA,NA,1,Jan,1,2021,interv8,NA,NA
2021-01-02,sábado,NA,NA,NA,NA,1,Jan,2,2021,interv8,NA,NA
2021-01-03,domingo,NA,NA,NA,NA,1,Jan,3,2021,interv8,NA,NA
2021-01-04,lunes,22,22,28,28,1,Jan,4,2021,interv8,22,28
2021-01-05,martes,22,22,25,25,1,Jan,5,2021,interv8,22,25
2021-01-06,miércoles,NA,NA,NA,25,1,Jan,6,2021,interv8,NA,25
2021-01-07,jueves,22,22,26,26,1,Jan,7,2021,interv8,22,26
2021-01-08,viernes,22,22,25,25,1,Jan,8,2021,interv8,22,25
2021-01-09,sábado,NA,NA,NA,NA,1,Jan,9,2021,interv8,NA,NA
2021-01-10,domingo,NA,NA,NA,NA,1,Jan,10,2021,interv8,NA,NA
2021-01-11,lunes,22,21,26,27,1,Jan,11,2021,interv8,21.5,26.5
2021-01-12,martes,22,23,25,25,1,Jan,12,2021,interv8,22.5,25
2021-01-13,miércoles,22,22,25,28,1,Jan,13,2021,interv8,22,26.5
2021-01-14,jueves,22,22,25,26,1,Jan,14,2021,interv8,22,25.5
2021-01-15,viernes,22,23,25,25,1,Jan,15,2021,interv8,22.5,25
2021-01-16,sábado,NA,NA,NA,NA,1,Jan,16,2021,interv8,NA,NA
2021-01-17,domingo,NA,NA,NA,NA,1,Jan,17,2021,interv8,NA,NA
2021-01-18,lunes,22,22,26,26,1,Jan,18,2021,interv8,22,26
2021-01-19,martes,23,23,25,25,1,Jan,19,2021,interv8,23,25
2021-01-20,miércoles,23,24,25,25,1,Jan,20,2021,interv8,23.5,25
2021-01-21,jueves,22,23,25,25,1,Jan,21,2021,interv8,22.5,25
2021-01-22,viernes,22,23,25,25,1,Jan,22,2021,interv8,22.5,25
2021-01-23,sábado,NA,NA,NA,NA,1,Jan,23,2021,interv9,NA,NA
2021-01-24,domingo,NA,NA,NA,NA,1,Jan,24,2021,interv9,NA,NA
2021-01-25,lunes,23,22,26,27,1,Jan,25,2021,interv9,22.5,26.5
2021-01-26,martes,22,22,23,25,1,Jan,26,2021,interv9,22,24
2021-01-27,miércoles,NA,NA,NA,NA,1,Jan,27,2021,interv9,NA,NA
2021-01-28,jueves,22,22,25,25,1,Jan,28,2021,interv9,22,25
2021-01-29,viernes,22,22,25,25,1,Jan,29,2021,interv9,22,25
2021-01-30,sábado,NA,NA,NA,NA,1,Jan,30,2021,interv9,NA,NA
2021-01-31,domingo,NA,NA,NA,NA,1,Jan,31,2021,interv9,NA,NA
2021-02-01,lunes,22,22,27,29,2,Feb,1,2021,interv9,22,28
2021-02-02,martes,25,25,26,25,2,Feb,2,2021,interv9,25,25.5
2021-02-03,miércoles,23,23,25,25,2,Feb,3,2021,interv9,23,25
2021-02-04,jueves,23,23,25,25,2,Feb,4,2021,interv9,23,25
2021-02-05,viernes,23,22,27,27,2,Feb,5,2021,interv9,22.5,27
2021-02-06,sábado,NA,NA,NA,NA,2,Feb,6,2021,interv9,NA,NA
2021-02-07,domingo,NA,NA,NA,NA,2,Feb,7,2021,interv9,NA,NA
2021-02-08,lunes,23,22,26,25,2,Feb,8,2021,interv9,22.5,25.5
2021-02-09,martes,23,23,29,29,2,Feb,9,2021,interv9,23,29
2021-02-10,miércoles,23,23,25,26,2,Feb,10,2021,interv9,23,25.5
2021-02-11,jueves,23,23,25,25,2,Feb,11,2021,interv9,23,25
2021-02-12,viernes,23,23,25,25,2,Feb,12,2021,interv9,23,25
2021-02-13,sábado,NA,NA,NA,NA,2,Feb,13,2021,interv9,NA,NA
2021-02-14,domingo,NA,NA,NA,NA,2,Feb,14,2021,interv9,NA,NA
2021-02-15,lunes,21,22,31,33,2,Feb,15,2021,interv9,21.5,32
2021-02-16,martes,NA,NA,NA,NA,2,Feb,16,2021,interv9,NA,NA
2021-02-17,miércoles,21,21,27,31,2,Feb,17,2021,interv9,21,29
2021-02-18,jueves,23,23,25,25,2,Feb,18,2021,interv9,23,25
2021-02-19,viernes,23,22,26,26,2,Feb,19,2021,interv9,22.5,26
2021-02-20,sábado,NA,NA,NA,NA,2,Feb,20,2021,interv9,NA,NA
2021-02-21,domingo,NA,NA,NA,NA,2,Feb,21,2021,interv9,NA,NA
2021-02-22,lunes,22,23,47,45,2,Feb,22,2021,interv9,22.5,46
2021-02-23,martes,23,23,33,32,2,Feb,23,2021,interv9,23,32.5
2021-02-24,miércoles,22,23,32,30,2,Feb,24,2021,interv9,22.5,31
2021-02-25,jueves,22,22,32,31,2,Feb,25,2021,interv9,22,31.5
2021-02-26,viernes,22,22,29,28,2,Feb,26,2021,interv9,22,28.5
2021-02-27,sábado,NA,NA,NA,NA,2,Feb,27,2021,interv9,NA,NA
2021-02-28,domingo,NA,NA,NA,NA,2,Feb,28,2021,interv9,NA,NA
2021-03-01,lunes,22,22,38,38,3,Mar,1,2021,interv9,22,38
2021-03-02,martes,23,22,33,37,3,Mar,2,2021,interv9,22.5,35
2021-03-03,miércoles,23,22,31,33,3,Mar,3,2021,interv9,22.5,32
2021-03-04,jueves,NA,NA,NA,NA,3,Mar,4,2021,interv9,NA,NA
2021-03-05,viernes,23,22,33,35,3,Mar,5,2021,interv9,22.5,34
2021-03-06,sábado,NA,NA,NA,NA,3,Mar,6,2021,interv9,NA,NA
2021-03-07,domingo,NA,NA,NA,NA,3,Mar,7,2021,interv9,NA,NA
2021-03-08,lunes,22,22,44,45,3,Mar,8,2021,interv9,22,44.5
2021-03-09,martes,23,22,33,35,3,Mar,9,2021,interv9,22.5,34
2021-03-10,miércoles,23,22,33,33,3,Mar,10,2021,interv9,22.5,33
2021-03-11,jueves,23,23,30,27,3,Mar,11,2021,interv9,23,28.5
2021-03-12,viernes,23,23,30,28,3,Mar,12,2021,interv9,23,29
2021-03-13,sábado,NA,NA,NA,NA,3,Mar,13,2021,interv9,NA,NA
2021-03-14,domingo,NA,NA,NA,NA,3,Mar,14,2021,interv9,NA,NA
2021-03-15,lunes,22,23,35,37,3,Mar,15,2021,interv9,22.5,36
2021-03-16,martes,23,23,30,30,3,Mar,16,2021,interv9,23,30
2021-03-17,miércoles,22,23,32,28,3,Mar,17,2021,interv9,22.5,30
2021-03-18,jueves,22,23,34,30,3,Mar,18,2021,interv9,22.5,32
2021-03-19,viernes,22,23,33,32,3,Mar,19,2021,interv9,22.5,32.5
2021-03-20,sábado,NA,NA,NA,NA,3,Mar,20,2021,interv9,NA,NA
2021-03-21,domingo,NA,NA,NA,NA,3,Mar,21,2021,interv9,NA,NA
2021-03-22,lunes,22,23,36,36,3,Mar,22,2021,interv9,22.5,36
2021-03-23,martes,22,22,29,29,3,Mar,23,2021,interv9,22,29
2021-03-24,miércoles,22,22,28,26,3,Mar,24,2021,interv9,22,27
2021-03-25,jueves,22,23,31,26,3,Mar,25,2021,interv9,22.5,28.5
2021-03-26,viernes,22,23,29,26,3,Mar,26,2021,interv9,22.5,27.5
2021-03-27,sábado,NA,NA,NA,NA,3,Mar,27,2021,interv9,NA,NA
2021-03-28,domingo,NA,NA,NA,NA,3,Mar,28,2021,interv9,NA,NA
2021-03-29,lunes,23,22,39,45,3,Mar,29,2021,interv9,22.5,42
2021-03-30,martes,22,22,38,38,3,Mar,30,2021,interv9,22,38
2021-03-31,miércoles,22,23,40,38,3,Mar,31,2021,interv9,22.5,39
2021-04-01,jueves,23,23,37,38,4,Apr,1,2021,interv9,23,37.5
2021-04-02,viernes,NA,NA,NA,NA,4,Apr,2,2021,interv9,NA,NA
2021-04-03,sábado,23,21,31,35,4,Apr,3,2021,interv9,22,33
2021-04-04,domingo,NA,NA,NA,NA,4,Apr,4,2021,interv9,NA,NA
2021-04-05,lunes,23,22,30,31,4,Apr,5,2021,interv9,22.5,30.5
2021-04-06,martes,22,23,28,26,4,Apr,6,2021,interv9,22.5,27
2021-04-07,miércoles,22,23,28,26,4,Apr,7,2021,interv9,22.5,27
2021-04-08,jueves,22,23,27,26,4,Apr,8,2021,interv9,22.5,26.5
2021-04-09,viernes,22,23,28,26,4,Apr,9,2021,interv9,22.5,27
2021-04-10,sábado,NA,NA,NA,NA,4,Apr,10,2021,interv9,NA,NA
2021-04-11,domingo,NA,NA,NA,NA,4,Apr,11,2021,interv9,NA,NA
2021-04-12,lunes,23,22,32,32,4,Apr,12,2021,interv9,22.5,32
2021-04-13,martes,22,23,30,27,4,Apr,13,2021,interv9,22.5,28.5
2021-04-14,miércoles,22,23,28,25,4,Apr,14,2021,interv9,22.5,26.5
2021-04-15,jueves,22,23,28,26,4,Apr,15,2021,interv9,22.5,27
2021-04-16,viernes,23,22,29,29,4,Apr,16,2021,interv9,22.5,29
2021-04-17,sábado,22,22,28,28,4,Apr,17,2021,interv9,22,28
2021-04-18,domingo,NA,NA,NA,NA,4,Apr,18,2021,interv9,NA,NA
2021-04-19,lunes,22,22,30,29,4,Apr,19,2021,interv9,22,29.5
2021-04-20,martes,22,23,29,26,4,Apr,20,2021,interv9,22.5,27.5
2021-04-21,miércoles,22,23,29,27,4,Apr,21,2021,interv9,22.5,28
2021-04-22,jueves,22,23,28,26,4,Apr,22,2021,interv9,22.5,27
2021-04-23,viernes,22,23,27,25,4,Apr,23,2021,interv9,22.5,26
